-- phpMyAdmin SQL Dump
-- version 5.1.3
-- https://www.phpmyadmin.net/
--
-- ホスト: 127.0.0.1
-- 生成日時: 2023-06-14 10:40:48
-- サーバのバージョン： 10.4.24-MariaDB
-- PHP のバージョン: 7.4.29

SET SQL_MODE = "NO_AUTO_VALUE_ON_ZERO";
START TRANSACTION;
SET time_zone = "+00:00";


/*!40101 SET @OLD_CHARACTER_SET_CLIENT=@@CHARACTER_SET_CLIENT */;
/*!40101 SET @OLD_CHARACTER_SET_RESULTS=@@CHARACTER_SET_RESULTS */;
/*!40101 SET @OLD_COLLATION_CONNECTION=@@COLLATION_CONNECTION */;
/*!40101 SET NAMES utf8mb4 */;

--
-- データベース: `mealfriend`
--

-- --------------------------------------------------------

--
-- テーブルの構造 `t_buy_history`
--

CREATE TABLE `t_buy_history` (
  `f_buy_history_date` datetime NOT NULL,
  `f_user_id` int(11) NOT NULL,
  `f_item_id` int(11) NOT NULL,
  `f_buy_history_num` int(11) NOT NULL,
  `f_buy_history_delivery_place` varchar(255) NOT NULL,
  `f_buy_history_delivery_situation` varchar(255) NOT NULL
) ENGINE=InnoDB DEFAULT CHARSET=utf8mb4;

--
-- テーブルのデータのダンプ `t_buy_history`
--

INSERT INTO `t_buy_history` (`f_buy_history_date`, `f_user_id`, `f_item_id`, `f_buy_history_num`, `f_buy_history_delivery_place`, `f_buy_history_delivery_situation`) VALUES
('2023-06-14 10:33:02', 2, 9, 3, '愛知県名古屋市中村区名駅４丁目２７ー１総合校舎スパイラルタワーズ', '配送済み'),
('2023-06-14 10:36:24', 2, 29, 2, '愛知県名古屋市中村区名駅４丁目２７ー１総合校舎スパイラルタワーズ', '配送済み'),
('2023-06-14 10:39:36', 2, 39, 5, '愛知県名古屋市中村区名駅４丁目２７ー１総合校舎スパイラルタワーズ', '配送準備中(配送予定日まであと1日)');

-- --------------------------------------------------------

--
-- テーブルの構造 `t_carts`
--

CREATE TABLE `t_carts` (
  `f_user_id` int(11) NOT NULL,
  `f_item_id` int(11) NOT NULL,
  `f_item_num` int(11) NOT NULL
) ENGINE=InnoDB DEFAULT CHARSET=utf8mb4;

--
-- テーブルのデータのダンプ `t_carts`
--

INSERT INTO `t_carts` (`f_user_id`, `f_item_id`, `f_item_num`) VALUES
(1, 3, 2),
(1, 5, 3),
(2, 0, 1),
(2, 1, 3),
(2, 2, 1),
(2, 3, 1),
(2, 8, 1),
(2, 11, 3);

-- --------------------------------------------------------

--
-- テーブルの構造 `t_intakes`
--

CREATE TABLE `t_intakes` (
  `f_user_id` int(11) NOT NULL,
  `f_intake_date` datetime NOT NULL,
  `f_intake_name` varchar(255) NOT NULL,
  `f_intake_calorie` decimal(5,1) NOT NULL,
  `f_intake_protein_vol` decimal(4,1) NOT NULL,
  `f_intake_sugar_vol` decimal(4,1) NOT NULL,
  `f_intake_lipid_vol` decimal(4,1) NOT NULL,
  `f_intake_dietary_fiber_vol` decimal(4,1) NOT NULL,
  `f_intake_salt_vol` decimal(4,1) NOT NULL,
  `f_intake_image` varchar(255) DEFAULT NULL
) ENGINE=InnoDB DEFAULT CHARSET=utf8mb4;

--
-- テーブルのデータのダンプ `t_intakes`
--

INSERT INTO `t_intakes` (`f_user_id`, `f_intake_date`, `f_intake_name`, `f_intake_calorie`, `f_intake_protein_vol`, `f_intake_sugar_vol`, `f_intake_lipid_vol`, `f_intake_dietary_fiber_vol`, `f_intake_salt_vol`, `f_intake_image`) VALUES
(1, '2023-05-24 17:19:11', 'test', '1000.0', '1.0', '2.0', '3.0', '4.0', '5.0', 'testImage');

-- --------------------------------------------------------

--
-- テーブルの構造 `t_items`
--

CREATE TABLE `t_items` (
  `f_item_id` int(11) NOT NULL,
  `f_item_name` varchar(25) NOT NULL,
  `f_item_price` int(11) NOT NULL,
  `f_item_explain` varchar(255) NOT NULL,
  `f_item_calorie` decimal(4,1) NOT NULL,
  `f_item_protein_vol` decimal(4,1) NOT NULL,
  `f_item_sugar_vol` decimal(4,1) NOT NULL,
  `f_item_lipid_vol` decimal(4,1) NOT NULL,
  `f_item_dietary_fiber_vol` decimal(4,1) NOT NULL,
  `f_item_salt_vol` decimal(4,1) NOT NULL,
  `f_item_materials` varchar(255) NOT NULL,
  `f_item_save_way` varchar(255) NOT NULL,
  `f_item_use_by_date` varchar(255) NOT NULL,
  `f_item_image` varchar(255) NOT NULL
) ENGINE=InnoDB DEFAULT CHARSET=utf8mb4;

--
-- テーブルのデータのダンプ `t_items`
--

INSERT INTO `t_items` (`f_item_id`, `f_item_name`, `f_item_price`, `f_item_explain`, `f_item_calorie`, `f_item_protein_vol`, `f_item_sugar_vol`, `f_item_lipid_vol`, `f_item_dietary_fiber_vol`, `f_item_salt_vol`, `f_item_materials`, `f_item_save_way`, `f_item_use_by_date`, `f_item_image`) VALUES
(1, '牛丼', 500, '牛肉の上にご飯を盛り付け、特製の甘辛いタレで味付けした日本の定番料理。', '506.9', '20.3', '0.0', '9.5', '1.1', '0.9', '牛肉、玉ねぎ、醤油、砂糖、酒、みりんなど', '冷蔵保存', '3日', 'image01'),
(2, 'ステーキ', 800, '高級肉を使ったジューシーなステーキ。', '517.3', '19.8', '0.0', '9.5', '0.0', '0.9', '牛肉、塩、胡椒など', '冷蔵保存', '3日', 'image02'),
(3, 'とんかつ', 800, '豚肉をパン粉で衣をつけて揚げた、ボリューム満点の日本の定番料理。', '482.1', '20.7', '0.0', '20.0', '0.0', '0.9', '豚肉、パン粉、卵、小麦粉など', '冷蔵保存', '3日', 'image03'),
(4, '豚キムチ', 800, '豚肉とキムチを炒めた、ピリ辛の韓国風料理。', '313.1', '10.9', '0.0', '4.8', '1.9', '0.7', '豚肉、キムチ、野菜、調味料など', '冷蔵保存', '3日', 'image04'),
(5, '鶏の唐揚げ', 700, '鶏肉をからっと揚げた、日本の定番の鶏料理。', '393.5', '15.9', '0.0', '9.6', '0.0', '0.6', '鶏肉、片栗粉、小麦粉、調味料など', '冷蔵保存', '3日', 'image05'),
(6, '鶏肉の照り焼き', 700, '鶏肉を特製の照り焼きソースで味付けして焼いた日本の料理。', '406.7', '15.4', '0.0', '10.3', '0.0', '1.0', '鶏肉、照り焼きのたれ、調味料など', '冷蔵保存', '3日', 'image06'),
(7, '鮭の塩焼き', 700, '塩をまぶして焼き上げた、鮭の香ばしい風味が楽しめる料理。', '397.4', '19.5', '0.0', '10.4', '0.0', '0.6', '鮭、塩、胡椒など', '冷蔵保存', '3日', 'image07'),
(8, 'まぐろの刺身', 800, '新鮮なまぐろを薄く切って盛り付けた、日本の代表的な刺身料理。', '300.0', '20.0', '0.0', '5.2', '0.0', '0.6', 'まぐろ、調味料など', '冷蔵保存', '3日', 'image08'),
(9, 'オムレツ', 600, '卵をふわふわに焼いた、具材を入れた洋風の料理。', '289.9', '15.5', '0.0', '19.5', '0.6', '1.3', '卵、野菜、調味料など', '冷蔵保存', '3日', 'image09'),
(10, 'パンケーキ', 900, 'モチモチとした生地で焼いた、ふわふわの厚焼きパンケーキ。', '302.0', '5.6', '0.0', '9.7', '0.8', '0.7', '小麦粉、卵、砂糖、牛乳など', '冷蔵保存', '3日', 'image10'),
(11, 'サンドイッチ', 600, 'パンに具材を挟んで作った、手軽に楽しめる軽食の料理。', '411.5', '10.2', '0.0', '15.2', '1.6', '0.7', 'パン、ハム、チーズ、野菜、ソースなど', '冷蔵保存', '2日', 'image11'),
(12, 'ラーメン', 800, '中華麺をスープで煮込み、具材をのせた日本の人気麺料理。', '582.1', '10.6', '0.0', '20.1', '2.0', '1.8', '麺、スープ、チャーシュー、メンマなど', '冷蔵保存', '2日', 'image12'),
(13, 'グリルチキン', 900, '鶏肉をグリルで焼いた、ヘルシーな料理。', '303.2', '26.0', '0.0', '9.9', '1.2', '0.9', '鶏肉、調味料など', '冷蔵保存', '2日', 'image13'),
(14, 'ペペロンチーノ', 800, 'イタリア料理の一つで、シンプルながらも大胆な味わいが特徴のパスタ料理', '401.1', '10.2', '0.0', '14.9', '1.8', '0.6', 'パスタ、ソース、チーズなど', '冷蔵保存', '2日', 'image14'),
(15, '野菜炒め', 800, '野菜を炒めて味付けした、ヘルシーな中華料理。', '209.2', '5.4', '0.0', '9.8', '3.9', '1.2', '野菜、調味料など', '冷蔵保存', '2日', 'image15'),
(16, 'グリーンサラダ', 500, '新鮮な野菜を使ったサラダで、さっぱりとしたドレッシングが特徴の料理。', '86.8', '3.2', '0.0', '5.4', '2.1', '0.4', '野菜、ドレッシングなど', '冷蔵保存', '1日', 'image16'),
(17, 'チョコレートケーキ', 800, '濃厚なチョコレートの味わいが楽しめる、甘いケーキの一種。', '416.3', '4.8', '0.0', '19.5', '1.8', '0.5', 'チョコレート、小麦粉、卵、砂糖など', '冷暗所保存', '3日', 'image17'),
(18, 'フルーツパフェ', 900, 'カットフルーツやアイスクリームを層にして盛り付けた、華やかなデザート。', '503.9', '5.2', '0.0', '10.2', '2.6', '0.7', 'フルーツ、アイスクリーム、グラノーラなど', '冷蔵保存', '1日', 'image18'),
(19, 'うどん', 500, '太い麺を使った日本の麺料理で、温かい出汁に入れていただく。', '405.7', '8.3', '0.0', '2.0', '1.9', '0.7', '小麦粉、水、塩など', '冷蔵保存', '2日', 'image19'),
(20, 'カレーライス', 800, 'スパイスの効いたルーで作った、日本の定番カレー料理。', '614.2', '9.7', '0.0', '19.7', '2.7', '1.7', '米、肉、野菜、カレーソースなど', '冷蔵保存', '2日', 'image20'),
(21, 'シーザーサラダ', 500, 'ロメインレタスをベースにした、具材とドレッシングが絶妙なバランスのサラダ。', '318.6', '5.2', '0.0', '14.6', '3.0', '0.9', '野菜、チキン、ドレッシングなど', '冷蔵保存', '1日', 'image21'),
(22, 'グリークサラダ', 500, 'ギリシャ料理のサラダで、フェタチーズやオリーブを使った味わい深い料理。', '230.3', '4.7', '0.0', '10.0', '3.1', '1.1', '野菜、オリーブオイル、チーズなど', '冷蔵保存', '1日', 'image22'),
(23, 'みそ汁', 200, '日本の代表的な汁物料理で、みそを溶かしたスープに具材を入れて煮込む。', '106.9', '4.8', '0.0', '3.2', '1.3', '1.1', '豆みそ、野菜、魚、出汁など', '冷蔵保存', '1日', 'image23'),
(24, 'トマトスープ', 300, 'トマトをベースにしたスープで、野菜やハーブの風味が効いた料理。', '149.3', '2.6', '0.0', '4.8', '2.2', '1.1', 'トマト、野菜、調味料など', '冷蔵保存', '1日', 'image24'),
(25, '枝豆', 200, '大豆の若い実を茹でたり焼いたりして食べる、日本の定番おつまみ。', '130.6', '9.9', '0.0', '4.8', '5.2', '0.8', '枝豆、塩など', '冷凍保存', '1か月', 'image25'),
(26, '砂肝', 600, '鶏の内臓の一部で、焼いたり炒めたりして食べる日本のおつまみ。', '181.4', '9.5', '0.0', '14.7', '0.6', '1.3', '鶏の砂肝、調味料など', '冷蔵保存', '2日', 'image26'),
(27, '寿司', 1000, '日本の代表的な海鮮料理で、酢飯に生魚や具材をのせた料理。', '211.0', '4.8', '0.0', '4.7', '1.2', '0.8', '寿司飯、魚、野菜など', '冷蔵保存', '1日', 'image27'),
(28, '炒飯', 700, '具材を炒めたご飯を焼いて作る、中華料理の一種。', '406.4', '9.8', '0.0', '9.8', '2.0', '2.3', 'ご飯、肉、野菜、調味料など', '冷蔵保存', '2日', 'image28'),
(29, 'しゃぶしゃぶ', 1000, '薄く切った肉を湯にくぐらせて食べる、日本の鍋料理。', '296.9', '15.1', '0.0', '4.7', '2.1', '1.0', '肉、野菜、しゃぶしゃぶのたれなど', '冷蔵保存', '1日', 'image29'),
(30, 'キムチ鍋', 1000, '韓国の代表的な鍋料理で、キムチをベースにした辛味のある料理。', '247.2', '9.8', '0.0', '4.5', '2.8', '2.0', '豚肉、キムチ、野菜、調味料など', '冷蔵保存', '1日', 'image30'),
(31, 'フライドチキン', 800, '鶏肉を衣で包み、揚げたり焼いたりして作る、外はサクサク中はジューシーな料理。', '298.0', '15.0', '0.0', '20.1', '0.8', '0.6', '鶏肉、小麦粉、調味料など', '冷蔵保存', '2日', 'image31'),
(32, 'エビフライ', 900, 'エビを衣で包み、揚げたり焼いたりして作る、プリプリとした食感が楽しい料理。', '267.3', '10.3', '0.0', '9.6', '1.1', '1.0', 'エビ、小麦粉、パン粉など', '冷蔵保存', '2日', 'image32'),
(33, 'グリルサーモン', 900, '鮭をグリルで焼いて作る、身がふっくらとした健康的な料理。', '361.0', '20.2', '0.0', '14.7', '2.1', '1.2', 'サーモン、調味料など', '冷蔵保存', '2日', 'image33'),
(34, 'シーフードパスタ', 900, '海鮮の具材を使ったパスタで、トマトソースやクリームソースが絡み合った一品。', '387.4', '14.5', '0.0', '9.7', '3.2', '1.6', 'パスタ、魚介類、野菜、調味料など', '冷蔵保存', '1日', 'image34'),
(35, '麻婆豆腐', 800, '豆腐を具材として使った、中華料理の一種で、ピリ辛の麻婆ソースが特徴。', '309.6', '9.9', '0.0', '15.0', '3.3', '0.6', '豆腐、肉、野菜、麻婆ソースなど', '冷蔵保存', '1日', 'image35'),
(36, '春巻き', 600, '野菜や肉を包んで揚げたり焼いたりして作る、アジア料理の一つ。', '193.6', '5.4', '0.0', '10.0', '1.9', '0.9', '野菜、肉、春巻きの皮など', '冷蔵保存', '1日', 'image36'),
(37, 'ピザ', 1200, '生地にソースやチーズをのせ、具材をトッピングして焼いた、イタリア発祥の料理。', '304.0', '9.7', '0.0', '14.5', '1.8', '1.3', 'ピザ生地、チーズ、トッピングなど', '冷凍保存', '1ヶ月', 'image37'),
(38, 'カルボナーラ', 1000, '豪快な味わいと濃厚なソースが特徴的で、パスタ好きにはたまらない一品。', '393.6', '14.9', '0.0', '9.5', '3.0', '1.9', 'パスタ、ソース、チーズなど', '常温保存', '1年', 'image38'),
(39, 'てんぷら', 900, '野菜や魚などを衣で包んで揚げた、日本の揚げ物料理。', '251.2', '10.2', '0.0', '10.2', '1.2', '1.1', '野菜、エビ、小麦粉など', '冷蔵保存', '1日', 'image39'),
(40, 'すき焼き', 1000, '牛肉や野菜を甘辛いたれで煮込んで食べる、日本の鍋料理。', '358.3', '19.6', '0.0', '10.0', '2.1', '1.7', '牛肉、野菜、たれなど', '冷蔵保存', '1日', 'image40'),
(41, 'ビビンバ', 1200, '韓国料理の一種で、ご飯の上に野菜や肉、卵などをのせて混ぜ合わせて食べる。', '310.6', '9.8', '0.0', '9.9', '3.1', '2.3', 'ご飯、野菜、調味料など', '冷蔵保存', '1日', 'image41'),
(42, 'カルビチム', 1800, '韓国料理の一種で、甘辛いソースで味付けされた牛肉を炒めて食べる。', '416.9', '15.3', '0.0', '19.9', '1.9', '0.9', '牛肉、野菜、チムジルソースなど', '冷蔵保存', '1日', 'image42'),
(43, 'ハンバーガー', 800, 'パティを挟んだサンドイッチで、肉や野菜、ソースが組み合わさったアメリカンな料理。', '492.2', '20.2', '0.0', '24.6', '2.9', '2.0', 'パティ、バンズ、野菜など', '常温保存', '1日', 'image43'),
(44, 'フライドポテト', 500, 'じゃがいもを揚げたり焼いたりして作る、サクサクとした食感が楽しいおつまみ', '282.7', '4.9', '0.0', '14.7', '1.8', '1.2', 'じゃがいも、油など', '常温保存', '2日', 'image44'),
(45, '焼き魚弁当', 800, '鮮魚を焼いた弁当で、栄養豊富な魚の旨味を楽しめる健康的なお弁当。', '454.9', '19.8', '0.0', '9.5', '2.7', '0.9', '魚、ご飯、野菜など', '冷蔵保存', '1日', 'image45'),
(46, 'シーチキン弁当', 1000, 'シーチキンを使ったお弁当で、ヘルシーな低カロリーの食材を使用したお弁当。', '507.4', '24.9', '0.0', '15.3', '1.8', '2.2', 'チキン、ご飯、野菜など', '冷蔵保存', '1日', 'image46'),
(47, '鶏モモのやきとり', 200, '鶏肉を串に刺して焼いた日本の屋台料理で、香ばしくジューシーな味わいが特徴。', '367.3', '14.6', '0.0', '10.4', '1.8', '1.0', '鶏肉、たれ、野菜など', '冷蔵保存', '1日', 'image47'),
(48, 'アジの刺身', 900, '生の魚を薄く切った料理で、新鮮な魚の旨味を楽しめる日本料理の一つ。', '308.1', '14.5', '0.0', '4.6', '0.7', '1.1', '生魚、ご飯、野菜など', '冷蔵保存', '当日中', 'image48'),
(49, 'くるみパン', 700, 'くるみの香ばしい香りと、ほんのりと甘みのある生地が特徴的。', '415.7', '9.7', '0.0', '19.8', '2.7', '1.3', 'ピザ生地、チーズ、トッピングなど', '冷凍保存', '1ヶ月', 'image49'),
(50, 'クロワッサン', 700, 'バターを多く使用し、生地を何層にも折り重ねて焼き上げることで、軽くて香ばしい外側と、ふんわりとした内側が特徴的。', '339.7', '5.1', '0.0', '9.8', '4.1', '0.8', 'パスタ、ソース、野菜など', '常温保存', '1年', 'image50'),
(51, '野菜カレー', 1000, '野菜をたっぷりと使ったヘルシーなカレーで、ヴィーガンやヘルシー志向の方に人気。', '290.7', '5.0', '0.0', '10.4', '3.8', '1.2', '野菜、ルー、ご飯など', '冷蔵保存', '1日', 'image51'),
(52, '豆腐ハンバーグ', 1000, '豆腐をベースにしたヘルシーなハンバーグで、低カロリーで栄養豊富な一品。', '262.1', '10.1', '0.0', '4.8', '1.9', '0.8', '豆腐、野菜、調味料など', '冷蔵保存', '1日', 'image52'),
(53, 'キヌアサラダ', 500, 'キヌアを使ったヘルシーなサラダで、栄養豊富なキヌアが主役の一品。', '369.2', '10.3', '0.0', '14.8', '5.2', '0.6', 'キヌア、野菜、ドレッシングなど', '冷蔵保存', '2日', 'image53'),
(54, 'アボカドトースト', 600, 'アボカドをのせたヘルシーなトーストで、栄養豊富なアボカドが絶品の一品。', '287.0', '4.8', '0.0', '14.6', '6.9', '0.9', 'アボカド、トースト、野菜など', '冷蔵保存', '1日', 'image54'),
(55, 'サラダチキン', 700, 'グリルやオーブンで焼いた', '184.6', '19.9', '0.0', '4.6', '0.0', '1.1', '鶏肉、調味料など', '冷蔵保存', '2日', 'image55'),
(56, 'カット野菜', 400, 'さまざまな種類の野菜を切った状態で提供される商品で、手軽に野菜を摂取できる便利な食材。', '36.4', '1.6', '0.0', '0.4', '2.9', '0.6', '野菜（人参、キュウリ、ブロッコリーなど）', '冷蔵保存', '3日', 'image56');

-- --------------------------------------------------------

--
-- テーブルの構造 `t_items_template`
--

CREATE TABLE `t_items_template` (
  `f_item_id` int(11) NOT NULL,
  `f_item_name` varchar(25) NOT NULL,
  `f_item_calorie` decimal(4,1) NOT NULL,
  `f_item_protein_vol` decimal(4,1) NOT NULL,
  `f_item_lipid_vol` decimal(4,1) NOT NULL,
  `f_item_dietary_fiber_vol` decimal(4,1) NOT NULL,
  `f_item_salt_vol` decimal(4,1) NOT NULL
) ENGINE=InnoDB DEFAULT CHARSET=utf8mb4;

--
-- テーブルのデータのダンプ `t_items_template`
--

INSERT INTO `t_items_template` (`f_item_id`, `f_item_name`, `f_item_calorie`, `f_item_protein_vol`, `f_item_lipid_vol`, `f_item_dietary_fiber_vol`, `f_item_salt_vol`) VALUES
(2, 'カレーライス ', '859.0', '21.0', '26.5', '4.7', '4.0'),
(3, 'ビーフカレー ', '838.0', '21.3', '24.1', '4.7', '4.0'),
(4, 'おかめうどん ', '370.0', '15.3', '1.5', '5.8', '8.7'),
(5, 'おかめそば ', '426.0', '21.8', '2.4', '7.9', '8.3'),
(6, 'かけうどん ', '320.0', '9.8', '0.9', '1.9', '6.3'),
(7, 'かけそば ', '374.0', '16.3', '1.8', '4.0', '5.9'),
(8, 'カレーうどん ', '492.0', '14.7', '15.5', '3.4', '5.0'),
(9, 'カレーそば ', '553.0', '21.2', '16.4', '5.5', '4.6'),
(10, 'きつねうどん ', '453.0', '17.3', '11.0', '2.3', '7.0'),
(11, 'きつねそば ', '512.0', '23.8', '11.9', '4.3', '6.5'),
(12, 'ざるうどん ', '289.0', '8.6', '1.0', '2.3', '4.0'),
(13, 'ざるそば ', '366.0', '16.2', '1.9', '4.3', '5.2'),
(14, '山菜うどん ', '352.0', '11.8', '1.0', '6.6', '6.4'),
(15, '山菜そば ', '391.0', '18.6', '2.0', '6.5', '6.0'),
(16, 'たぬきうどん ', '369.0', '10.7', '4.3', '2.1', '6.4'),
(17, 'たぬきそば ', '427.0', '17.2', '5.2', '4.1', '6.0'),
(18, '力うどん ', '441.0', '12.2', '1.3', '2.3', '6.4'),
(19, '力そば ', '496.0', '18.6', '2.3', '4.4', '6.0'),
(20, '月見うどん ', '416.0', '17.6', '7.2', '2.3', '6.6'),
(21, '月見そば ', '471.0', '24.1', '8.1', '4.3', '6.2'),
(22, '天ぷらうどん ', '435.0', '19.1', '7.7', '2.2', '6.5'),
(23, '天ぷらそば ', '495.0', '25.6', '8.6', '4.2', '6.1'),
(24, '鍋焼きうどん ', '499.0', '24.9', '11.6', '3.4', '6.9'),
(25, '肉うどん ', '428.0', '17.5', '8.6', '2.3', '6.4'),
(26, '肉そば ', '484.0', '24.1', '9.5', '4.4', '5.9'),
(27, 'とろろうどん ', '391.0', '12.5', '1.1', '3.4', '6.3'),
(28, 'とろろそば ', '448.0', '19.0', '1.9', '5.5', '5.9'),
(29, '五目ラーメン ', '660.0', '25.1', '23.5', '4.2', '8.4'),
(30, 'タンメン ', '556.0', '21.5', '16.8', '4.7', '13.3'),
(31, 'チャーシューメン ', '564.0', '30.3', '14.1', '3.5', '7.3'),
(32, 'ちゃんぽん ', '673.0', '27.4', '23.3', '5.9', '7.8'),
(33, '醤油ラーメン ', '470.0', '21.1', '8.6', '3.9', '6.7'),
(34, '冷やし中華 ', '577.0', '20.5', '9.7', '3.6', '4.2'),
(35, '味噌ラーメン ', '580.0', '21.9', '15.7', '6.0', '3.8'),
(36, 'あんかけ焼きそば ', '745.0', '28.8', '36.4', '5.8', '4.6'),
(37, 'ワンタンメン ', '687.0', '28.7', '17.0', '4.8', '7.4'),
(38, '焼きそば ', '469.0', '15.3', '13.5', '4.4', '3.5'),
(39, '焼きうどん ', '415.0', '13.3', '11.8', '3.4', '3.6'),
(40, 'カルボナーラ ', '779.0', '26.3', '39.5', '3.8', '4.0'),
(41, 'ナポリタン ', '590.0', '19.2', '20.0', '4.9', '4.1'),
(42, 'ボンゴレビアンコ ', '474.0', '15.6', '10.4', '3.9', '3.9'),
(43, 'ミートソーススパゲッティ ', '614.0', '21.9', '16.5', '5.3', '5.1'),
(44, '和風きのこパスタ ', '440.0', '16.6', '6.9', '5.8', '3.7'),
(45, 'マカロニグラタン ', '488.0', '23.5', '23.9', '2.4', '3.9'),
(46, 'うな重 ', '922.0', '41.8', '32.3', '0.8', '3.4'),
(47, '親子丼 ', '684.0', '32.0', '8.1', '2.0', '3.8'),
(48, 'カツ丼 ', '922.0', '32.8', '33.4', '1.4', '2.5'),
(49, '釜飯 ', '525.0', '13.6', '3.7', '1.1', '2.9'),
(50, '牛丼 ', '771.0', '18.0', '23.9', '2.1', '2.5'),
(51, '三色丼 ', '638.0', '22.8', '11.2', '1.5', '2.7'),
(52, '雑炊 ', '328.0', '10.8', '3.8', '1.4', '2.4'),
(53, '玉子丼 ', '636.0', '19.8', '10.2', '2.1', '2.8'),
(54, 'お茶漬け ', '278.0', '7.0', '1.4', '0.8', '1.9'),
(55, '中華丼 ', '694.0', '21.5', '19.6', '2.1', '2.8'),
(56, '天丼 ', '642.0', '23.0', '12.0', '1.3', '2.6'),
(57, 'クッパ ', '612.0', '17.5', '23.2', '2.0', '2.1'),
(58, 'チャーハン ', '708.0', '19.0', '24.1', '1.8', '3.8'),
(59, 'エビピラフ ', '520.0', '14.2', '11.9', '1.3', '3.4'),
(60, 'オムライス ', '850.0', '28.8', '29.7', '1.8', '3.6'),
(61, 'カツカレー ', '999.9', '26.7', '47.1', '5.0', '3.5'),
(62, 'チキンライス ', '563.0', '14.6', '14.2', '1.6', '3.5'),
(63, 'ドライカレー ', '587.0', '11.8', '12.8', '2.1', '2.1'),
(64, 'ドリア ', '591.0', '21.9', '27.0', '1.2', '2.5'),
(65, 'ポテトグラタン ', '384.0', '12.9', '22.9', '2.6', '2.3'),
(66, 'お好み焼き ', '545.0', '19.7', '22.9', '3.5', '1.9'),
(67, 'たこ焼き ', '317.0', '12.6', '8.2', '1.8', '1.4'),
(68, 'サンドイッチ ', '314.0', '12.2', '21.2', '0.9', '2.1'),
(69, 'トースト ', '233.0', '5.6', '10.7', '1.4', '1.0'),
(70, 'チーズバーガー ', '474.0', '24.2', '23.0', '2.4', '2.2'),
(71, 'ピザ ', '872.0', '39.7', '35.7', '7.3', '5.2'),
(72, 'ピザトースト ', '300.0', '11.5', '14.4', '1.9', '1.7'),
(73, 'ホットドッグ ', '414.0', '14.1', '22.0', '1.6', '2.7'),
(74, 'いかめし ', '130.0', '10.0', '0.7', '0.1', '1.3'),
(75, '栗おこわ ', '327.0', '5.8', '1.2', '2.0', '1.0'),
(76, '山菜おこわ ', '299.0', '6.2', '1.0', '2.8', '0.9'),
(77, '炊き込みご飯 ', '231.0', '4.6', '1.1', '1.3', '1.5'),
(78, '中華ちまき ', '246.0', '5.7', '7.4', '0.7', '1.1'),
(79, 'ミートソースドリア ', '454.0', '10.5', '22.7', '1.2', '3.0'),
(80, 'アメリカンドッグ ', '365.0', '9.9', '28.3', '0.3', '1.4'),
(81, 'ラザニア ', '290.0', '10.0', '16.1', '1.7', '2.5'),
(82, '肉じゃが ', '170.0', '5.3', '7.3', '1.3', '1.3'),
(83, 'チンジャオロース ', '318.0', '16.3', '23.0', '2.2', '1.6'),
(84, '牛肉のたたき ', '183.0', '16.4', '10.4', '0.2', '0.9'),
(85, 'ビーフストロガノフ ', '277.0', '10.9', '21.8', '0.9', '3.0'),
(86, '串カツ ', '306.0', '11.6', '23.4', '0.7', '0.5'),
(87, '酢豚 ', '242.0', '13.1', '10.7', '2.7', '1.5'),
(88, 'とんかつ ', '463.0', '21.4', '36.3', '0.4', '0.8'),
(89, '唐揚げ ', '303.0', '13.8', '24.5', '0.1', '1.2'),
(90, 'クリームシチュー ', '269.0', '12.5', '17.1', '2.6', '1.8'),
(91, 'チキンカツ ', '305.0', '24.2', '17.5', '0.4', '1.6'),
(92, 'チキンナゲット ', '219.0', '18.1', '12.3', '0.4', '0.7'),
(93, '筑前煮 ', '211.0', '9.2', '9.8', '3.7', '1.8'),
(94, '治部煮 ', '134.0', '14.2', '1.7', '4.3', '1.8'),
(95, 'ミートコロッケ ', '397.0', '11.9', '25.6', '1.9', '1.2'),
(96, '春巻き ', '292.0', '10.8', '17.6', '3.1', '1.1'),
(97, 'ロールキャベツ ', '166.0', '11.2', '8.0', '2.1', '2.2'),
(98, '牡蠣フライ ', '57.0', '2.0', '3.7', '0.1', '0.4'),
(99, 'イカフライ ', '63.0', '4.3', '3.6', '0.1', '0.3'),
(100, 'カニクリームコロッケ ', '218.0', '4.0', '15.4', '0.7', '0.5'),
(101, 'カニ爪 ', '58.0', '3.5', '3.5', '0.1', '0.3'),
(102, 'かき揚げ ', '100.0', '3.1', '6.6', '0.7', '0.3'),
(103, 'きすの天ぷら ', '99.0', '10.0', '5.4', '0.1', '0.2'),
(104, 'うま煮 ', '102.0', '4.1', '1.0', '1.2', '1.9'),
(105, 'おでん ', '634.0', '46.5', '30.9', '5.3', '6.1'),
(106, '八宝菜 ', '342.0', '16.9', '24.5', '2.5', '1.7'),
(107, 'アジのマリネ ', '171.0', '14.9', '8.5', '0.7', '1.2'),
(108, 'オムレツ ', '353.0', '23.1', '22.4', '1.2', '2.4'),
(109, 'かに玉 ', '461.0', '26.8', '30.6', '1.9', '11.5'),
(110, '茶碗蒸し ', '142.0', '10.2', '7.0', '0.6', '1.6'),
(111, '豆腐あんかけ ', '313.0', '18.2', '19.0', '2.4', '2.2'),
(112, '麻婆豆腐 ', '341.0', '20.0', '23.3', '1.4', '3.8'),
(113, '大学芋 ', '184.0', '0.8', '6.1', '1.4', '0.1'),
(114, 'ごぼうサラダ ', '188.0', '3.0', '12.3', '5.1', '0.8'),
(115, '大根サラダ ', '38.0', '1.9', '0.2', '1.5', '1.3'),
(116, 'ポテトサラダ ', '113.0', '2.9', '6.7', '1.0', '0.8'),
(117, 'マカロニサラダ ', '213.0', '5.2', '12.3', '1.4', '1.5'),
(118, 'ほうれんそうのごま和え ', '61.0', '3.1', '3.5', '2.7', '0.6'),
(119, 'きゅうりとわかめの酢の物 ', '23.0', '0.8', '0.0', '0.4', '1.0'),
(120, 'なます ', '20.0', '0.2', '0.1', '0.6', '0.3'),
(121, 'ナムル ', '67.0', '2.3', '4.4', '2.7', '0.9'),
(122, 'きんぴらごぼう ', '97.0', '1.2', '3.1', '2.7', '0.6'),
(123, '五目煮 ', '57.0', '3.9', '1.5', '3.5', '1.2'),
(124, '煮しめ ', '94.0', '4.4', '1.2', '5.0', '1.5'),
(125, 'ひじきの煮物 ', '135.0', '3.5', '8.4', '4.3', '1.5'),
(126, '野菜炒め ', '120.0', '2.5', '7.3', '3.6', '1.5'),
(127, '茄子のはさみ揚げ ', '290.0', '9.6', '22.9', '1.8', '1.1'),
(128, 'しじみの味噌汁 ', '35.0', '2.4', '0.5', '0.7', '0.9'),
(129, 'じゃがいもと玉ねぎの味噌汁 ', '58.0', '2.3', '0.4', '1.3', '0.9'),
(130, '豆腐とわかめの味噌汁 ', '56.0', '4.0', '1.7', '1.5', '1.4'),
(131, '豚汁 ', '121.0', '5.5', '8.4', '1.3', '1.4'),
(132, 'わかめの味噌汁 ', '34.0', '2.0', '0.4', '1.4', '1.4'),
(133, 'お吸い物 ', '15.0', '0.9', '0.1', '0.5', '1.3'),
(134, 'たまごスープ ', '51.0', '4.4', '2.5', '0.1', '0.9'),
(135, 'コンソメスープ ', '84.0', '2.1', '5.8', '1.5', '2.3'),
(136, 'ポタージュ ', '95.0', '2.8', '4.2', '1.3', '1.3'),
(137, 'ミネストローネ ', '67.0', '3.4', '1.5', '1.4', '1.6'),
(138, 'ぜんざい ', '336.0', '6.5', '0.8', '3.8', '0.7'),
(139, '卵かけご飯 ', '374.0', '12.8', '6.7', '0.5', '2.9'),
(140, 'たけのこご飯 ', '245.0', '6.3', '2.0', '0.6', '1.4'),
(141, '天むす ', '249.0', '6.8', '3.0', '0.8', '0.6'),
(142, '豚丼 ', '806.0', '19.1', '26.2', '2.1', '3.6'),
(143, '天津飯 ', '471.0', '17.9', '11.6', '0.6', '3.9'),
(144, '海鮮丼 ', '790.0', '52.8', '16.1', '1.5', '4.0'),
(145, 'かき揚げ丼 ', '645.0', '13.6', '9.1', '2.0', '2.7'),
(146, 'リゾット ', '416.0', '9.8', '22.3', '2.7', '5.6'),
(147, 'デミグラスソース ', '204.0', '4.8', '14.7', '1.0', '1.2'),
(148, 'ハヤシライス ', '999.9', '31.8', '45.8', '4.7', '3.2'),
(149, 'そばめし ', '693.0', '16.6', '21.8', '4.2', '7.8'),
(150, 'ビビンバ ', '593.0', '17.4', '27.2', '7.6', '6.8'),
(151, '焼肉のたれ ', '32.0', '0.7', '1.8', '0.2', '1.2'),
(152, 'ライスバーガー ', '583.0', '11.1', '27.8', '1.5', '2.4'),
(153, '揚げ玉 ', '26.0', '0.3', '2.2', '0.0', '0.0'),
(154, 'きりたんぽ鍋 ', '390.0', '22.1', '13.2', '6.5', '3.9'),
(155, '皿うどん ', '644.0', '22.0', '32.5', '4.9', '3.4'),
(156, '鴨南蛮 ', '590.0', '23.2', '16.4', '5.9', '4.3'),
(157, 'わんこそば ', '999.9', '45.4', '8.9', '15.7', '10.7'),
(158, 'タルタルソース ', '43.0', '0.9', '3.3', '0.1', '0.3'),
(159, '塩ラーメン ', '471.0', '19.9', '9.6', '4.1', '5.9'),
(160, '塩焼きそば ', '557.0', '14.6', '25.2', '4.8', '3.7'),
(161, 'にゅうめん ', '537.0', '19.9', '5.5', '3.4', '4.8'),
(162, 'ペスカトーレ ', '740.0', '43.0', '20.9', '5.0', '4.8'),
(163, 'たらこスパゲッティ ', '742.0', '32.2', '33.6', '4.1', '5.0'),
(164, 'ペペロンチーノ ', '505.0', '14.0', '14.5', '4.7', '3.0'),
(165, 'ペンネアラビアータ ', '341.0', '7.9', '13.4', '3.5', '2.2'),
(166, '焼きビーフン ', '426.0', '14.7', '17.5', '2.4', '3.0'),
(167, '汁ビーフン ', '418.0', '13.7', '17.3', '2.9', '3.1'),
(168, 'オムハヤシ ', '999.9', '31.2', '71.5', '3.3', '4.1'),
(169, 'モダン焼き ', '999.9', '50.7', '61.9', '7.6', '9.3'),
(170, 'もんじゃ焼き ', '510.0', '18.3', '21.4', '4.9', '4.1'),
(171, 'チヂミ ', '737.0', '31.9', '37.6', '3.9', '2.1'),
(172, '牛乳入りシリアル ', '286.0', '9.7', '8.3', '1.0', '1.0'),
(173, 'フレンチトースト ', '298.0', '10.9', '10.9', '1.4', '1.0'),
(174, 'カツサンド ', '421.0', '16.6', '21.1', '1.9', '2.4'),
(175, '焼きそばパン ', '233.0', '7.5', '4.8', '1.9', '1.4'),
(176, 'コロッケパン ', '339.0', '7.3', '13.9', '1.3', '2.0'),
(177, 'カレーパン ', '358.0', '9.2', '16.6', '2.7', '1.6'),
(178, 'ホットケーキ ', '644.0', '14.6', '20.3', '1.9', '1.5'),
(179, 'ハンバーガー ', '422.0', '20.8', '19.1', '2.4', '1.8'),
(180, '照り焼きチキンバーガー ', '468.0', '21.1', '27.5', '1.1', '1.7'),
(181, 'あんぱん ', '218.0', '6.4', '3.1', '2.6', '0.4'),
(182, 'カスタードクリーム ', '268.0', '6.9', '9.7', '0.2', '0.1'),
(183, 'クリームパン ', '216.0', '6.1', '6.1', '0.9', '0.4'),
(184, 'ジャムパン ', '230.0', '4.0', '3.0', '1.3', '0.4'),
(185, 'メロンパン ', '276.0', '6.3', '6.0', '1.4', '0.4'),
(186, '栗ご飯 ', '264.0', '4.5', '0.7', '1.8', '1.0'),
(187, '麻婆丼 ', '666.0', '19.9', '16.3', '1.8', '2.5'),
(188, 'カルビ丼 ', '794.0', '19.4', '30.1', '1.7', '2.4'),
(189, '酢飯 ', '258.0', '4.1', '0.6', '0.3', '2.1'),
(190, 'ネギトロ丼 ', '626.0', '37.1', '8.7', '1.7', '3.6'),
(191, 'ホワイトソース ', '294.0', '6.8', '20.4', '0.3', '1.9'),
(192, 'チキンドリア ', '551.0', '19.6', '20.7', '2.2', '3.4'),
(193, '揚げ出し餅 ', '239.0', '3.9', '6.5', '0.5', '2.7'),
(194, '冷やしうどん ', '408.0', '17.8', '5.0', '2.4', '7.9'),
(195, 'サラダうどん ', '643.0', '13.2', '34.0', '3.2', '5.8'),
(196, '明太子クリームパスタ ', '638.0', '26.3', '21.5', '4.6', '4.1'),
(197, '和風明太子パスタ ', '517.0', '23.8', '11.7', '4.5', '6.6'),
(198, 'ポン酢 ', '14.0', '1.0', '0.0', '0.2', '0.9'),
(199, 'コーンサラダ ', '119.0', '1.6', '9.6', '1.5', '0.2'),
(200, 'コーンバター ', '78.0', '1.9', '4.1', '1.5', '1.1'),
(201, 'あんまん ', '209.0', '4.9', '2.9', '2.6', '0.4'),
(202, '肉まん ', '190.0', '6.0', '7.0', '1.6', '1.5'),
(203, 'ねぎま ', '164.0', '11.7', '9.8', '0.3', '0.6'),
(204, 'つくね ', '144.0', '12.5', '7.0', '0.3', '1.6'),
(205, 'コチュジャン ', '46.0', '1.4', '0.6', '1.9', '0.7'),
(206, 'まぐろのユッケ ', '210.0', '16.7', '11.1', '1.5', '1.7'),
(207, '手羽先の唐揚げ ', '105.0', '5.6', '7.6', '0.1', '0.7'),
(208, '油淋鶏 ', '965.0', '45.7', '68.8', '0.6', '7.2'),
(209, '肉団子の甘酢あん ', '422.0', '22.3', '27.0', '0.6', '1.8'),
(210, 'ビーフカツ ', '716.0', '32.1', '55.2', '0.7', '1.3'),
(211, '南蛮酢 ', '8.0', '0.3', '0.0', '0.1', '0.5'),
(212, 'チキン南蛮 ', '594.0', '23.9', '48.0', '0.6', '1.9'),
(213, '豚天 ', '536.0', '20.9', '42.5', '0.4', '2.0'),
(214, 'ポークステーキ ', '360.0', '20.2', '27.4', '0.3', '2.0'),
(215, '焼きさば ', '199.0', '20.2', '11.6', '0.2', '3.8'),
(216, '冷奴 ', '197.0', '18.5', '9.1', '1.1', '2.7'),
(217, '海藻サラダ ', '12.0', '1.0', '0.1', '4.1', '1.7'),
(218, '中華スープ ', '54.0', '5.2', '3.1', '0.4', '1.5'),
(219, 'わかめスープ ', '37.0', '2.7', '2.4', '1.0', '3.4'),
(220, 'ビシソワーズ ', '145.0', '3.3', '9.3', '0.7', '1.1'),
(221, 'ほうれん草のお浸し ', '25.0', '3.4', '0.3', '1.9', '1.8'),
(222, '白菜のお浸し ', '16.0', '1.7', '0.1', '0.8', '0.9'),
(223, 'もやしのお浸し ', '12.0', '1.4', '0.1', '0.7', '1.1'),
(224, '大福 ', '232.0', '4.4', '0.7', '2.6', '0.0'),
(225, 'いちご大福 ', '148.0', '2.5', '0.3', '1.4', '0.0'),
(226, 'せんべい ', '42.0', '0.9', '0.1', '0.1', '0.4'),
(227, 'ドーナツ ', '224.0', '3.1', '8.9', '0.7', '0.3'),
(228, 'おはぎ ', '180.0', '4.6', '0.6', '3.2', '0.2'),
(229, 'ワッフル ', '212.0', '3.2', '7.6', '0.7', '0.2'),
(230, 'イカ焼き ', '445.0', '19.2', '19.8', '1.4', '1.9'),
(231, 'かぼちゃサラダ ', '152.0', '1.2', '11.5', '1.8', '0.5'),
(232, 'ひつまぶし ', '633.0', '30.2', '20.6', '1.8', '4.9'),
(233, 'タコめし ', '308.0', '12.6', '0.8', '0.6', '2.4'),
(234, 'エビとアボカドのサラダ ', '288.0', '12.0', '21.7', '4.4', '1.1'),
(235, '豚ひき肉のボロネーゼパスタ ', '692.0', '30.2', '20.9', '7.1', '6.1'),
(236, 'クラムチャウダー ', '369.0', '10.7', '21.8', '2.5', '3.7'),
(237, 'シーザーサラダ ', '234.0', '4.5', '17.3', '1.6', '1.6'),
(238, 'カレイの煮付け ', '317.0', '50.4', '3.3', '0.2', '2.9'),
(239, 'ちらし寿司 ', '718.0', '43.2', '16.7', '1.0', '6.0'),
(240, '鮭のムニエル ', '226.0', '18.7', '13.2', '0.2', '1.2'),
(241, 'オニオンリング ', '644.0', '6.6', '36.3', '4.3', '5.0'),
(242, '鶏の竜田揚げ ', '567.0', '25.8', '45.0', '0.1', '2.8'),
(243, 'ポークピカタ ', '348.0', '30.5', '19.1', '0.6', '1.9'),
(244, 'ロコモコ ', '918.0', '34.5', '32.1', '2.9', '3.1'),
(245, 'チキンソテー ', '492.0', '24.6', '41.2', '0.2', '2.3'),
(246, 'ミートローフ ', '410.0', '27.5', '25.1', '1.1', '2.3'),
(247, '和風ハンバーグ ', '395.0', '21.3', '20.1', '0.6', '3.7'),
(248, 'ピーマンの肉詰め ', '369.0', '24.3', '18.1', '3.1', '4.1'),
(249, '豚の角煮 ', '603.0', '19.5', '46.3', '0.1', '2.8'),
(250, '生姜焼き ', '374.0', '20.8', '25.2', '0.1', '2.7'),
(251, 'レバニラ ', '176.0', '12.8', '8.0', '2.3', '2.9'),
(252, 'かつおのたたき ', '155.0', '27.8', '0.7', '1.3', '2.1'),
(253, 'マグロの山かけ ', '114.0', '15.8', '1.1', '0.6', '2.8'),
(254, '豆腐ハンバーグ ', '231.0', '19.4', '13.5', '0.7', '2.2'),
(255, 'もろきゅう ', '70.0', '2.7', '0.8', '1.8', '1.3'),
(256, 'ほうれん草の白和え ', '118.0', '7.6', '7.0', '2.7', '1.7'),
(257, 'じゃがバター ', '227.0', '3.0', '9.9', '2.3', '0.2'),
(258, '焼きなす ', '45.0', '4.6', '0.2', '1.7', '2.8'),
(259, 'もずく酢 ', '97.0', '1.7', '0.1', '0.7', '3.1'),
(260, 'ふろふき大根 ', '87.0', '2.1', '0.7', '3.0', '1.5'),
(261, '牛すじ煮込み ', '318.0', '37.2', '6.3', '3.1', '2.3'),
(262, 'ニラ玉 ', '158.0', '8.4', '12.4', '1.2', '2.7'),
(263, '揚げ出し豆腐 ', '61.0', '2.7', '3.1', '0.2', '0.3'),
(264, '春菊の白和え ', '134.0', '7.7', '7.1', '3.0', '1.8'),
(265, '豆腐田楽 ', '188.0', '8.6', '4.8', '1.5', '1.2'),
(266, '肉豆腐 ', '379.0', '16.7', '27.9', '1.4', '1.4'),
(267, '豆腐ステーキ ', '178.0', '10.7', '10.3', '0.7', '1.3'),
(268, '黒豆煮 ', '150.0', '3.6', '2.4', '1.6', '0.8'),
(269, 'アスパラベーコン ', '40.0', '1.3', '3.8', '0.1', '0.4'),
(270, 'たこのから揚げ ', '250.0', '17.3', '11.7', '0.2', '2.0'),
(271, 'なす田楽 ', '132.0', '2.5', '3.9', '2.0', '1.1'),
(272, 'かぼちゃコロッケ ', '236.0', '6.3', '13.0', '2.4', '0.6'),
(273, 'あさりのみそ汁 ', '43.0', '4.1', '0.5', '0.7', '1.8'),
(274, '海老の天ぷら ', '53.0', '5.0', '2.9', '0.1', '0.1'),
(275, '穴子の天ぷら ', '318.0', '20.5', '23.1', '0.1', '0.5'),
(276, 'イカの天ぷら ', '104.0', '9.5', '6.2', '0.1', '0.4'),
(277, 'ホタテの天ぷら ', '57.0', '4.3', '3.6', '0.0', '0.2'),
(278, 'ちくわの天ぷら ', '74.0', '4.1', '3.8', '0.1', '0.6'),
(279, 'かぼちゃの天ぷら ', '68.0', '1.0', '3.7', '1.1', '0.0'),
(280, 'たたききゅうり ', '21.0', '0.6', '1.1', '0.7', '0.2'),
(281, 'シュークリーム ', '155.0', '3.8', '7.0', '0.2', '0.3'),
(282, 'クラッカー ', '22.0', '0.3', '0.9', '0.1', '0.5'),
(283, 'ビスケット ', '33.0', '0.4', '0.7', '0.1', '0.1'),
(284, 'クッキー ', '48.0', '0.6', '2.4', '0.1', '0.1'),
(285, '抹茶アイス ', '294.0', '6.5', '17.6', '1.2', '0.1'),
(286, 'マドレーヌ ', '118.0', '1.7', '7.6', '0.2', '0.1'),
(287, 'パンナコッタ ', '211.0', '2.3', '16.2', '0.2', '0.1'),
(288, '栗きんとん ', '424.0', '2.2', '0.4', '3.9', '0.5'),
(289, 'まんじゅう ', '132.0', '2.6', '0.3', '1.3', '0.1'),
(290, 'どら焼き ', '172.0', '4.0', '3.2', '1.5', '0.1'),
(291, 'たいやき ', '220.0', '5.4', '3.3', '3.2', '0.2'),
(292, 'もなか ', '86.0', '1.9', '0.2', '1.7', '0.0'),
(293, 'エビチリ ', '212.0', '16.2', '10.7', '0.9', '2.0'),
(294, '海老シュウマイ ', '36.0', '3.2', '1.0', '0.1', '0.3'),
(295, '野菜の豚肉巻き ', '152.0', '11.3', '7.2', '0.7', '2.1'),
(296, '野菜の牛肉巻き ', '156.0', '11.8', '6.9', '0.9', '2.1'),
(297, 'アジフライ ', '114.0', '9.1', '6.5', '0.2', '1.3'),
(298, '昆布巻き ', '33.0', '2.0', '0.3', '1.6', '0.7'),
(299, 'ジャーマンポテト ', '309.0', '9.0', '18.2', '2.5', '1.8'),
(300, 'ごま豆腐 ', '83.0', '2.6', '5.7', '1.3', '0.9'),
(301, '五目卵焼き ', '138.0', '8.5', '10.3', '1.0', '0.9'),
(302, 'ココット ', '213.0', '10.9', '17.5', '1.4', '2.7'),
(303, '千草焼き ', '174.0', '10.8', '9.0', '6.6', '1.4'),
(304, 'スコッチエッグ ', '473.0', '20.9', '33.6', '1.4', '2.6'),
(305, 'チーズケーキ ', '315.0', '5.4', '24.4', '0.2', '0.3'),
(306, 'チョコケーキ ', '438.0', '5.8', '30.1', '1.3', '0.2'),
(307, 'ショートケーキ ', '366.0', '4.6', '25.3', '0.5', '0.1'),
(308, '寒天ゼリー ', '40.0', '0.5', '0.1', '3.0', '0.0'),
(309, 'ガトーショコラ ', '273.0', '5.8', '15.1', '2.4', '0.1'),
(310, 'ビーフシチュー ', '594.0', '23.3', '39.8', '3.1', '2.9'),
(311, 'ホルモン炒め ', '407.0', '20.7', '26.1', '4.1', '4.6'),
(312, '鶏とカシューナッツ炒め ', '499.0', '21.6', '39.0', '3.9', '2.5'),
(313, '豆腐グラタン ', '310.0', '13.8', '20.7', '2.7', '2.2'),
(314, 'ポテトのチーズ焼き ', '207.0', '7.3', '13.5', '1.5', '1.8'),
(315, 'とろろ汁 ', '189.0', '6.0', '2.9', '2.0', '2.1'),
(316, 'じゃがいものポタージュ ', '101.0', '2.5', '4.8', '0.8', '0.9'),
(317, 'あげいも ', '636.0', '7.6', '31.1', '3.6', '6.6'),
(318, 'いももち ', '86.0', '0.9', '2.7', '0.5', '0.6'),
(319, 'ベイクドポテト ', '194.0', '2.3', '9.9', '1.8', '1.7'),
(320, 'ハッシュドポテト ', '151.0', '1.5', '7.6', '1.2', '1.0'),
(321, 'おやき ', '185.0', '3.4', '5.1', '1.9', '0.8'),
(322, 'バターライス ', '239.0', '3.8', '2.8', '0.4', '0.5'),
(323, 'キッシュ ', '247.0', '6.8', '18.2', '1.0', '0.7'),
(324, 'トルティージャ ', '122.0', '4.5', '7.7', '0.8', '0.5'),
(325, 'ハニートースト ', '295.0', '5.7', '10.7', '1.4', '1.0'),
(326, '大根の味噌汁 ', '38.0', '1.8', '0.4', '1.1', '0.9'),
(327, 'なめこの味噌汁 ', '34.0', '2.0', '0.4', '1.3', '0.9'),
(328, 'カップケーキ ', '176.0', '2.3', '9.6', '0.3', '0.1'),
(329, 'ラスク ', '58.0', '1.0', '2.6', '0.3', '0.2'),
(330, 'あさりの酒蒸し ', '36.0', '5.2', '0.4', '0.6', '2.8'),
(331, 'ほうれん草とベーコンのバター炒め ', '143.0', '5.0', '12.3', '2.8', '2.1'),
(332, 'ちくわの磯辺揚げ ', '74.0', '4.1', '3.8', '0.1', '0.7'),
(333, 'うずらの串揚げ ', '164.0', '6.4', '11.9', '0.3', '1.7'),
(334, 'ポークチャップ ', '487.0', '29.7', '34.1', '0.4', '2.3'),
(335, '回鍋肉 ', '249.0', '7.5', '19.2', '1.9', '2.1'),
(336, 'もつ鍋 ', '388.0', '13.8', '26.4', '3.8', '4.1'),
(337, 'ブリ大根 ', '115.0', '7.1', '5.3', '0.6', '2.4'),
(338, 'マグロステーキ ', '207.0', '27.5', '8.8', '0.3', '2.6'),
(339, '麻婆茄子 ', '171.0', '8.7', '11.2', '1.0', '2.2'),
(340, '里芋の煮物 ', '83.0', '8.1', '0.5', '0.9', '0.8'),
(341, '麻婆春雨 ', '171.0', '6.2', '8.4', '0.4', '1.0'),
(342, 'ワンタンスープ ', '92.0', '4.9', '5.0', '0.9', '0.9'),
(343, '水餃子 ', '34.0', '1.6', '1.3', '0.2', '0.1'),
(344, 'かき揚げそば ', '466.0', '18.4', '8.5', '5.0', '4.5'),
(345, 'かき揚げうどん ', '416.0', '12.9', '7.5', '2.6', '6.6'),
(346, 'ねぎ焼き ', '347.0', '13.7', '18.9', '2.4', '3.9'),
(347, '若竹煮 ', '65.0', '4.6', '0.4', '3.7', '2.1'),
(348, 'オニオンスープ ', '64.0', '3.1', '3.1', '1.1', '1.2'),
(349, 'そうめんチャンプルー ', '749.0', '19.8', '35.8', '4.2', '4.6'),
(350, 'アジのなめろう ', '67.0', '10.1', '1.7', '0.4', '0.6'),
(351, 'ずんだ餅 ', '41.0', '1.3', '0.6', '0.4', '0.2'),
(352, '五平餅 ', '304.0', '5.4', '2.8', '1.1', '0.3'),
(353, '鯛めし ', '267.0', '14.0', '5.8', '0.6', '0.7'),
(354, '釜玉うどん ', '383.0', '17.6', '7.2', '2.0', '3.8'),
(355, '三平汁 ', '61.0', '5.4', '1.0', '0.7', '2.0'),
(356, 'タンドリーチキン ', '177.0', '20.6', '7.2', '0.5', '2.6'),
(357, '鮭のちゃんちゃん焼き ', '337.0', '27.0', '11.4', '5.0', '1.8'),
(358, '舌平目のムニエル ', '262.0', '16.3', '17.4', '0.3', '3.4'),
(359, 'サーモンのグリエ ', '454.0', '24.3', '29.3', '1.3', '2.7'),
(360, '巣ごもり卵 ', '169.0', '11.5', '10.9', '1.2', '2.0'),
(361, 'とんぺい焼き ', '320.0', '8.1', '22.4', '0.5', '1.3'),
(362, 'ポークビーンズ ', '179.0', '7.7', '8.7', '4.8', '0.8'),
(363, '巾着煮 ', '241.0', '10.0', '11.8', '6.8', '0.8'),
(364, 'おからサラダ ', '314.0', '8.5', '26.1', '6.9', '2.0'),
(365, '温野菜サラダ ', '184.0', '4.2', '9.5', '5.1', '0.3'),
(366, 'ゴーヤチャンプルー ', '235.0', '11.9', '18.3', '1.6', '2.5'),
(367, 'ビーンズサラダ ', '154.0', '4.9', '7.9', '4.5', '0.6'),
(368, '粕汁 ', '107.0', '11.3', '1.9', '1.7', '1.5'),
(369, 'けんちん汁 ', '67.0', '2.3', '2.7', '2.4', '1.4'),
(370, 'オニオングラタンスープ ', '93.0', '3.1', '3.8', '1.5', '0.9'),
(371, 'ガスパチョ ', '109.0', '2.7', '6.2', '1.6', '1.1'),
(372, 'ふかひれスープ ', '98.0', '15.9', '1.7', '0.8', '2.5'),
(373, 'スープカレー ', '968.0', '49.7', '38.6', '5.8', '2.7'),
(374, 'ブリトー ', '220.0', '8.3', '6.4', '3.3', '1.2'),
(375, 'サムゲタン ', '426.0', '23.5', '18.2', '1.5', '1.1'),
(376, 'いなり寿司 ', '118.0', '3.3', '4.2', '0.3', '1.0'),
(377, 'ヤンニョム ', '42.0', '1.3', '1.5', '0.2', '1.2'),
(378, '納豆巻き ', '217.0', '7.6', '2.9', '2.2', '1.9'),
(379, '鉄火巻き ', '206.0', '10.2', '1.1', '0.8', '2.1'),
(380, 'かっぱ巻き ', '171.0', '3.7', '0.5', '1.0', '1.9'),
(381, '太巻き ', '47.0', '1.2', '0.7', '0.3', '0.4'),
(382, '春雨サラダ ', '132.0', '5.1', '5.0', '0.9', '0.5'),
(383, 'チーズパン ', '181.0', '6.5', '7.1', '0.8', '0.7'),
(384, 'すいとん ', '120.0', '3.5', '2.9', '2.2', '0.8'),
(385, 'いきなり団子 ', '218.0', '3.7', '0.6', '2.7', '0.1'),
(386, 'きぬかつぎ ', '53.0', '1.6', '0.6', '1.0', '1.4'),
(387, 'サモサ ', '149.0', '4.5', '9.5', '1.0', '0.2'),
(388, 'シェパーズパイ ', '390.0', '11.3', '18.3', '1.6', '4.6'),
(389, 'フィッシュアンドチップス ', '529.0', '18.3', '28.6', '2.9', '0.7'),
(390, 'コールスロー ', '173.0', '1.7', '15.3', '2.2', '0.5'),
(391, 'ガドガド ', '321.0', '11.4', '22.3', '4.7', '1.3'),
(392, 'コブサラダ ', '372.0', '20.2', '29.7', '3.3', '1.2'),
(393, 'ソムタム ', '181.0', '10.5', '8.3', '4.4', '1.3'),
(394, 'ミモザサラダ ', '106.0', '5.5', '6.8', '1.3', '0.4'),
(395, 'カスレ ', '577.0', '29.5', '35.1', '9.9', '0.8'),
(396, 'からしれんこん ', '177.0', '4.1', '11.8', '1.5', '1.5'),
(397, '菜飯 ', '207.0', '4.1', '0.5', '2.1', '1.1'),
(398, 'ラーメンサラダ ', '399.0', '15.8', '17.2', '2.7', '4.5'),
(399, 'カポナータ ', '109.0', '1.6', '8.6', '2.0', '0.7'),
(400, 'カリフォルニアロール ', '45.0', '1.1', '1.2', '0.4', '0.3'),
(401, 'キャセロール ', '584.0', '26.3', '20.1', '1.4', '2.5'),
(402, 'ボルシチ ', '215.0', '11.6', '14.1', '1.7', '1.5'),
(403, 'ムサカ ', '456.0', '15.3', '28.8', '2.0', '2.5'),
(404, 'アクアパッツァ ', '172.0', '16.3', '9.4', '0.4', '1.8'),
(405, 'ビスク ', '183.0', '7.1', '14.1', '0.9', '1.4'),
(406, '鮭のホイル焼き ', '208.0', '19.4', '11.9', '1.9', '0.8'),
(407, 'フリカッセ ', '342.0', '19.9', '21.9', '2.0', '1.1'),
(408, 'しもつかれ ', '57.0', '4.5', '1.4', '1.1', '0.3'),
(409, '茶飯 ', '255.0', '4.4', '0.7', '0.4', '0.1'),
(410, '柿の葉寿司 ', '81.0', '2.2', '2.0', '0.1', '0.4'),
(411, 'だんご汁 ', '164.0', '5.6', '6.4', '2.6', '1.9'),
(412, '潮汁 ', '25.0', '2.4', '0.2', '0.4', '4.4'),
(413, 'いちご煮 ', '48.0', '6.1', '1.0', '0.1', '3.9'),
(414, '鶏飯 ', '504.0', '21.9', '13.0', '1.7', '2.5'),
(415, '牡蠣の土手鍋 ', '323.0', '22.4', '9.0', '8.0', '8.5'),
(416, 'カニ汁 ', '40.0', '3.0', '0.4', '0.9', '1.0'),
(417, 'ドネルケバブ ', '510.0', '15.3', '45.2', '0.9', '1.1'),
(418, 'トルティーヤ ', '74.0', '1.5', '1.3', '0.5', '0.2'),
(419, 'タコス ', '145.0', '6.0', '5.8', '0.9', '1.1'),
(420, 'クスクスサラダ ', '587.0', '15.2', '14.8', '4.2', '1.6'),
(421, '海老のフリッター ', '80.0', '6.2', '4.6', '0.1', '0.4'),
(422, '小籠包 ', '53.0', '2.9', '2.0', '0.2', '0.4'),
(423, 'ポレンタ ', '182.0', '4.2', '2.0', '4.0', '0.3'),
(424, 'ヨークシャープディング ', '126.0', '3.3', '6.4', '0.4', '0.2'),
(425, 'マルゲリータ ', '565.0', '20.5', '27.6', '3.7', '2.6'),
(426, 'パエリア ', '129.0', '7.5', '4.1', '0.4', '0.9'),
(427, '魯肉飯 ', '871.0', '24.8', '33.5', '1.8', '1.8'),
(428, '腸粉 ', '148.0', '3.8', '4.2', '0.2', '1.5'),
(429, 'ガンボ ', '582.0', '22.8', '22.0', '2.6', '1.1'),
(430, 'ご飯パン ', '129.0', '3.3', '1.5', '0.8', '0.4'),
(431, 'ナシゴレン ', '723.0', '16.7', '25.8', '1.7', '2.7'),
(432, 'ジャンバラヤ ', '412.0', '13.1', '9.4', '2.0', '2.3'),
(433, '海南鶏飯 ', '660.0', '30.9', '28.0', '1.5', '1.8'),
(434, 'キンパッ ', '70.0', '2.5', '1.8', '0.4', '0.4'),
(435, 'アランチーニ ', '258.0', '5.6', '18.1', '0.4', '0.7'),
(436, 'キムチチャーハン ', '681.0', '15.5', '22.2', '2.6', '2.0'),
(437, '納豆チャーハン ', '754.0', '22.2', '26.9', '4.4', '1.6'),
(438, 'あんかけチャーハン ', '733.0', '20.2', '23.5', '1.5', '3.3'),
(439, 'レタスチャーハン ', '700.0', '17.6', '24.8', '1.4', '3.9'),
(440, 'カレーチャーハン ', '721.0', '16.2', '25.8', '3.0', '4.9'),
(441, '酸辣湯 ', '55.0', '4.2', '2.0', '0.6', '3.2'),
(442, '春雨スープ ', '92.0', '5.4', '4.3', '0.8', '0.3'),
(443, 'エッグベネディクト ', '370.0', '12.8', '27.3', '0.8', '1.1'),
(444, 'フリッタータ ', '245.0', '11.9', '19.4', '1.0', '1.6'),
(445, 'チーズフォンデュ ', '444.0', '20.8', '34.3', '0.3', '1.1'),
(446, 'ラクレット ', '413.0', '22.1', '22.0', '2.3', '1.5'),
(447, 'クロックムッシュ ', '379.0', '14.1', '21.6', '1.4', '2.0'),
(448, 'ナチョス ', '487.0', '17.6', '26.6', '2.2', '1.9'),
(449, 'タイスキ ', '272.0', '26.5', '9.4', '3.0', '1.6'),
(450, 'プデチゲ ', '407.0', '16.8', '24.3', '3.9', '3.8'),
(451, 'テンジャンチゲ ', '180.0', '12.1', '4.3', '4.6', '2.7'),
(452, 'バーベキュー ', '84.0', '7.8', '3.6', '1.2', '1.0'),
(453, 'シュラスコ ', '356.0', '22.8', '26.3', '0.6', '2.4'),
(454, 'リエット ', '268.0', '7.8', '19.5', '0.2', '0.7'),
(455, 'シュニッツェル ', '282.0', '23.1', '16.0', '0.4', '1.1'),
(456, 'サルティンボッカ ', '677.0', '42.9', '48.9', '0.4', '1.9'),
(457, 'アドボ ', '290.0', '21.8', '17.3', '1.2', '1.1'),
(458, 'タコライス ', '733.0', '24.4', '19.8', '3.3', '3.1'),
(459, 'トルコライス ', '999.9', '36.0', '56.9', '3.9', '3.5'),
(460, 'エスカロップ ', '999.9', '31.8', '50.0', '2.6', '2.3'),
(461, 'ハントンライス ', '873.0', '31.3', '32.7', '2.2', '3.9'),
(462, 'かつめし ', '999.9', '34.6', '49.7', '2.7', '3.7'),
(463, 'ハンバーグカレー ', '999.9', '34.3', '39.2', '4.1', '4.9'),
(464, 'ポークソテー ', '402.0', '22.0', '28.2', '1.3', '1.1'),
(465, 'ピロシキ ', '205.0', '5.8', '11.9', '0.7', '0.4'),
(466, 'シシリアンライス ', '999.9', '30.4', '45.3', '2.8', '3.0'),
(467, 'えびめし ', '663.0', '14.8', '15.5', '2.2', '3.9'),
(468, 'カッペリーニ ', '646.0', '15.1', '26.6', '6.6', '2.0'),
(469, '冷製パスタ ', '775.0', '16.5', '39.6', '9.9', '3.0'),
(470, 'サラダスパゲッティ ', '315.0', '7.5', '21.5', '1.7', '1.7'),
(471, '大根と鶏肉の煮物 ', '357.0', '19.3', '16.9', '3.8', '2.3'),
(472, '大根もち ', '110.0', '2.9', '4.1', '0.5', '0.7'),
(473, 'いか大根 ', '140.0', '14.9', '1.0', '1.5', '2.1'),
(474, '納豆汁 ', '51.0', '3.3', '1.5', '1.3', '0.9'),
(475, '大根と豚肉の煮物 ', '532.0', '16.2', '34.7', '1.7', '2.5'),
(476, 'キャベツの味噌汁 ', '58.0', '3.0', '2.1', '1.3', '0.9'),
(477, '海老の味噌汁 ', '59.0', '6.7', '0.4', '0.7', '1.3'),
(478, 'なすとピーマンの味噌炒め ', '221.0', '8.2', '16.9', '2.3', '1.0'),
(479, 'にんじんしりしり ', '77.0', '2.9', '5.5', '0.9', '1.4'),
(480, 'ブッセ ', '150.0', '2.8', '7.6', '0.2', '0.1'),
(481, 'バームクーヘン ', '203.0', '2.7', '13.9', '0.1', '0.1'),
(482, 'バターケーキ ', '208.0', '2.6', '11.9', '0.3', '0.1'),
(483, 'モンブラン ', '425.0', '2.5', '22.1', '1.8', '0.0'),
(484, 'ティラミス ', '381.0', '7.3', '23.5', '1.7', '0.1'),
(485, 'ロールケーキ ', '251.0', '5.0', '17.1', '0.4', '0.2'),
(486, 'フルーツパフェ ', '485.0', '7.5', '20.1', '2.6', '0.9'),
(487, 'あられ ', '124.0', '1.6', '4.1', '0.3', '0.7'),
(488, 'かりんとう ', '197.0', '3.1', '5.2', '0.6', '0.2'),
(489, 'シャルロット ', '249.0', '6.5', '9.5', '0.9', '0.1'),
(490, 'シフォンケーキ ', '144.0', '3.4', '6.7', '0.3', '0.2'),
(491, 'ブッシュドノエル ', '415.0', '6.5', '30.7', '1.2', '0.2'),
(492, 'ブランデーケーキ ', '225.0', '2.6', '11.9', '0.3', '0.1'),
(493, 'マーブルケーキ ', '213.0', '3.5', '11.7', '0.7', '0.2'),
(494, 'バナナブレッド ', '197.0', '3.7', '8.7', '0.9', '0.4'),
(495, 'スフレチーズケーキ ', '252.0', '6.9', '17.6', '0.1', '0.3'),
(496, 'レアチーズケーキ ', '348.0', '4.9', '28.5', '0.1', '0.3'),
(497, 'ミルフィーユ ', '294.0', '4.9', '15.1', '1.2', '0.2'),
(498, 'タルトタタン ', '215.0', '1.5', '10.9', '0.9', '0.1'),
(499, 'ラズベリーパイ ', '249.0', '4.1', '11.7', '2.2', '0.0'),
(500, 'クラフティ ', '185.0', '1.8', '9.2', '0.6', '0.1'),
(501, 'エクレア ', '197.0', '4.3', '10.7', '0.6', '0.3'),
(502, 'ベニエ ', '71.0', '0.8', '2.9', '0.2', '0.1'),
(503, 'フロランタン ', '223.0', '3.1', '14.0', '1.2', '0.0'),
(504, 'シブースト ', '319.0', '4.7', '14.0', '1.0', '0.1'),
(505, 'エッグタルト ', '204.0', '2.5', '13.8', '0.3', '0.0'),
(506, 'ブラウニー ', '79.0', '1.4', '5.7', '0.4', '0.2'),
(507, 'トリュフチョコレート ', '83.0', '1.2', '6.0', '0.8', '0.0'),
(508, 'フィナンシェ ', '143.0', '1.8', '8.4', '0.2', '0.1'),
(509, 'ビスコッティ ', '50.0', '0.9', '1.0', '0.4', '0.1'),
(510, 'ザッハトルテ ', '513.0', '5.4', '23.8', '1.3', '0.2'),
(511, 'ガナッシュ ', '78.0', '0.8', '5.7', '0.4', '0.0'),
(512, 'ロッシェ ', '63.0', '1.2', '4.4', '0.7', '0.0'),
(513, 'クレープ ', '566.0', '6.5', '39.8', '1.7', '0.3'),
(514, 'ムース ', '369.0', '5.4', '25.5', '1.5', '0.2'),
(515, 'ラングドシャ ', '31.0', '0.4', '1.7', '0.1', '0.0'),
(516, 'サバラン ', '343.0', '5.6', '20.0', '1.1', '0.2'),
(517, 'ブラマンジェ ', '229.0', '6.2', '16.2', '2.1', '0.1'),
(518, 'マンゴープリン ', '76.0', '1.6', '2.7', '0.5', '0.0'),
(519, 'ミルクレープ ', '235.0', '4.2', '15.6', '0.3', '0.1'),
(520, 'パンプキンパイ ', '338.0', '5.5', '21.7', '1.7', '0.4'),
(521, 'バッファローウィング ', '135.0', '5.6', '10.8', '0.1', '0.3'),
(522, 'ベイクドビーンズ ', '157.0', '5.7', '3.7', '5.8', '0.8'),
(523, 'ツナサラダ ', '228.0', '7.4', '20.1', '1.1', '1.1'),
(524, 'チキンサラダ ', '296.0', '10.3', '26.4', '0.7', '0.5'),
(525, 'ブルーベリーマフィン ', '173.0', '2.7', '7.8', '0.7', '0.5'),
(526, 'チキンフィンガー ', '464.0', '26.1', '29.9', '0.5', '1.7'),
(527, 'ガーリックトースト ', '110.0', '2.0', '6.0', '0.6', '0.5'),
(528, 'チキンファヒータ ', '255.0', '10.4', '14.1', '1.5', '1.4'),
(529, 'ソーセージパテ ', '70.0', '5.7', '4.6', '0.1', '0.3'),
(530, '茄子のパルメザン焼き ', '273.0', '8.9', '23.7', '1.8', '1.7'),
(531, 'チリトマトビーンズスープ ', '148.0', '5.8', '3.3', '5.8', '1.1'),
(532, 'いわしの梅煮 ', '202.0', '16.5', '11.1', '0.2', '2.7'),
(533, 'ぶりしゃぶ ', '356.0', '28.3', '20.9', '2.9', '2.0'),
(534, 'まぐろのたたき ', '64.0', '13.3', '0.7', '0.1', '0.1'),
(535, '手巻き寿司 ', '789.0', '39.2', '7.9', '3.6', '7.2'),
(536, '寿司 ', '588.0', '35.5', '9.7', '1.8', '5.0'),
(537, '寄せ鍋 ', '358.0', '40.3', '11.4', '5.6', '5.4'),
(538, '水炊き ', '418.0', '30.9', '23.0', '6.2', '3.4'),
(539, 'いくら丼 ', '701.0', '39.8', '16.9', '1.0', '6.0'),
(540, '松茸ご飯 ', '232.0', '4.5', '0.6', '0.9', '1.7'),
(541, '天ぷら ', '167.0', '11.5', '9.3', '0.8', '0.2'),
(542, 'ミモザケーキ ', '338.0', '7.4', '19.8', '0.3', '0.2'),
(543, 'いちごタルト ', '266.0', '3.4', '11.0', '0.9', '0.0'),
(544, 'パパイヤとマンゴーのタルト ', '274.0', '3.3', '11.0', '1.1', '0.0'),
(545, 'フルーツタルト ', '272.0', '3.5', '11.0', '1.2', '0.0'),
(546, 'ブルーベリータルト ', '237.0', '3.3', '11.0', '1.4', '0.0'),
(547, 'ベリーショートケーキ ', '368.0', '4.6', '25.3', '0.7', '0.1'),
(548, 'いちごパフェ ', '425.0', '6.9', '20.0', '1.5', '0.9'),
(549, 'オレンジとグレープフルーツのジュレ ', '93.0', '2.1', '0.1', '0.7', '0.0'),
(550, 'フルーツゼリー ', '77.0', '2.1', '0.1', '0.6', '0.0'),
(551, 'アップルタルト ', '284.0', '3.2', '15.6', '0.7', '0.0'),
(552, 'パリブレスト ', '284.0', '4.4', '21.8', '1.0', '0.3'),
(553, 'クルミパン ', '188.0', '4.5', '8.9', '1.4', '0.3'),
(554, 'ミルクパン ', '137.0', '3.9', '3.8', '0.8', '0.3'),
(555, 'マフィン ', '215.0', '3.2', '9.9', '0.5', '0.2'),
(556, 'クリスプブレッド ', '53.0', '1.8', '0.5', '1.2', '0.3'),
(557, 'デニッシュ ', '250.0', '3.4', '13.3', '1.1', '0.4'),
(558, 'シュトレン ', '151.0', '3.3', '6.2', '1.2', '0.3'),
(559, 'パニーニ ', '247.0', '6.2', '12.6', '1.3', '1.8'),
(560, 'ピタパン ', '188.0', '5.5', '2.9', '1.5', '0.8'),
(561, 'シナモンロール ', '210.0', '4.8', '6.1', '1.0', '0.5'),
(562, 'フォカッチャ ', '149.0', '4.7', '1.5', '1.2', '0.5'),
(563, 'ロティ ', '197.0', '5.1', '5.0', '1.2', '0.8'),
(564, 'チーズ蒸しパン ', '165.0', '5.5', '7.6', '0.3', '0.5'),
(565, 'グリッシーニ ', '37.0', '0.9', '1.0', '0.3', '0.1'),
(566, 'バインミー ', '496.0', '20.2', '18.9', '2.6', '4.8'),
(567, 'カルツォーネ ', '279.0', '6.3', '16.5', '1.2', '1.2'),
(568, 'ホットック ', '254.0', '5.7', '4.7', '1.4', '0.4'),
(569, 'ソーダブレッド ', '275.0', '6.1', '1.8', '1.7', '1.6'),
(570, 'クランペット ', '189.0', '5.2', '5.7', '1.0', '0.4'),
(571, 'チョコパン ', '239.0', '5.9', '8.0', '1.1', '0.6'),
(572, 'にんにくのホイル焼き ', '214.0', '2.2', '18.5', '2.1', '0.5'),
(573, 'チキンカレー ', '857.0', '30.0', '35.3', '3.5', '4.4'),
(574, '煮込みハンバーグ ', '534.0', '25.3', '36.6', '3.7', '2.5'),
(575, 'ザワークラウト ', '15.0', '0.7', '0.1', '0.9', '0.8'),
(576, 'ステーキソース ', '17.0', '0.5', '0.1', '0.2', '0.4'),
(577, '冷しゃぶサラダ ', '320.0', '22.5', '19.5', '3.7', '1.2'),
(578, 'サーモンのピンチョス ', '150.0', '5.3', '7.2', '0.8', '0.8'),
(579, '豆乳鍋 ', '426.0', '28.7', '24.3', '3.7', '4.7'),
(580, 'うどんすき ', '432.0', '23.8', '6.6', '3.4', '5.3'),
(581, '鮭フレーク ', '17.0', '1.6', '0.7', '0.1', '0.4'),
(582, 'もやし炒め ', '269.0', '9.2', '22.5', '2.1', '2.4'),
(583, '味噌鍋 ', '619.0', '25.2', '40.4', '7.7', '2.3'),
(584, '抹茶クッキー ', '50.0', '0.7', '2.8', '0.2', '0.0'),
(585, 'みぞれ鍋 ', '320.0', '23.1', '15.8', '5.6', '4.7'),
(586, 'ローストチキン ', '285.0', '17.1', '20.2', '0.4', '2.6'),
(587, 'ジンギスカン ', '416.0', '21.9', '23.4', '4.6', '1.6'),
(588, 'たまごサンド ', '181.0', '5.6', '13.2', '0.4', '2.6'),
(589, 'チョコレートパフェ ', '536.0', '8.9', '29.4', '2.6', '0.9'),
(590, '鉄火丼 ', '522.0', '28.4', '2.2', '1.1', '3.6'),
(591, 'アサリバター ', '105.0', '10.0', '4.5', '0.1', '4.1'),
(592, '黒糖くるみ ', '323.0', '6.1', '27.5', '3.0', '0.3'),
(593, '小女子クルミ ', '232.0', '6.1', '17.5', '1.9', '1.1'),
(594, 'ちりめんくるみ ', '241.0', '8.7', '17.2', '1.9', '1.7'),
(595, '鶏五目ご飯 ', '236.0', '7.5', '4.8', '1.7', '0.9'),
(596, '豆カレー ', '784.0', '15.8', '17.2', '8.5', '3.8'),
(597, 'チョコフォンデュ ', '325.0', '3.8', '23.4', '1.6', '0.1'),
(598, 'チョコバナナ ', '189.0', '2.4', '7.0', '1.8', '0.0'),
(599, 'チョコシフォン ', '184.0', '4.1', '9.8', '1.1', '0.2'),
(600, 'チョコタルト ', '366.0', '3.7', '26.6', '1.1', '0.1'),
(601, 'フォンダンショコラ ', '314.0', '4.9', '22.6', '2.0', '0.1'),
(602, 'おかき ', '164.0', '2.1', '5.4', '0.4', '3.0'),
(603, 'ホットサンド ', '333.0', '14.2', '19.9', '1.6', '1.9'),
(604, 'あんドーナツ ', '399.0', '4.5', '8.3', '2.4', '0.5'),
(605, 'バジルソース ', '95.0', '0.9', '9.8', '0.3', '0.3'),
(606, 'ピザソース ', '12.0', '0.1', '1.0', '0.2', '0.2'),
(607, 'バーベキューソース ', '8.0', '0.2', '0.0', '0.3', '0.2'),
(608, 'ツナパスタ ', '597.0', '20.8', '22.3', '4.0', '2.1'),
(609, 'ツナトマトパスタ ', '782.0', '28.5', '37.8', '5.0', '3.2'),
(610, 'スモークサーモンの冷製パスタ ', '678.0', '25.0', '29.8', '4.6', '3.5'),
(611, 'キャベツとアンチョビのパスタ ', '528.0', '15.3', '16.2', '5.4', '3.1'),
(612, 'ウニパスタ ', '536.0', '19.6', '16.2', '3.9', '2.2'),
(613, 'ジェノベーゼパスタ ', '751.0', '18.6', '39.7', '4.7', '3.1'),
(614, 'きのこのマリネ ', '140.0', '3.4', '12.6', '3.9', '1.0'),
(615, '豆腐サラダ ', '88.0', '7.9', '2.6', '1.3', '1.9'),
(616, 'シーフードサラダ ', '193.0', '15.3', '12.8', '1.8', '1.5'),
(617, 'ワンタン ', '238.0', '11.6', '7.4', '1.2', '1.2'),
(618, '助六寿司 ', '658.0', '18.2', '19.5', '2.6', '5.6'),
(619, '春巻きの皮 ', '47.0', '1.3', '1.0', '0.3', '0.1'),
(620, 'ライスペーパー ', '63.0', '0.6', '0.1', '0.1', '1.5'),
(621, 'バナナパンケーキ ', '663.0', '14.9', '20.4', '2.2', '1.5'),
(622, 'アップルパイ ', '330.0', '3.2', '16.9', '2.1', '0.4'),
(623, 'スンドゥブチゲ ', '707.0', '31.6', '56.8', '2.2', '4.5'),
(624, 'あんみつ ', '209.0', '4.2', '0.6', '4.1', '0.0'),
(625, 'ズコット ', '423.0', '8.1', '26.8', '1.1', '0.4'),
(626, '中華粥 ', '287.0', '12.6', '7.1', '0.4', '1.0'),
(627, 'タッカルビ ', '585.0', '31.0', '30.6', '7.8', '3.9'),
(628, '茄子の揚げ浸し ', '97.0', '0.9', '8.7', '1.6', '0.1'),
(629, 'レモンタルト ', '335.0', '6.2', '19.1', '0.4', '0.1'),
(630, 'ケサディーヤ ', '233.0', '8.6', '9.1', '0.9', '1.1'),
(631, 'エンパナーダ ', '316.0', '9.4', '18.2', '1.1', '0.9'),
(632, 'エンチラーダ ', '489.0', '25.5', '25.6', '2.0', '3.1'),
(633, 'チリコンカン ', '114.0', '6.4', '4.6', '3.5', '0.7'),
(634, 'アマトリチャーナスパゲティ ', '592.0', '24.3', '17.0', '6.3', '3.1'),
(635, 'テリーヌ ', '146.0', '14.5', '8.2', '0.5', '2.5'),
(636, 'シュリンプカクテル ', '104.0', '18.5', '0.5', '0.3', '0.9'),
(637, 'ボルガライス ', '999.9', '49.6', '76.3', '3.7', '6.0'),
(638, 'アップルクランブル ', '330.0', '4.0', '17.6', '1.0', '0.2'),
(639, 'オイルサーディン ', '44.0', '3.1', '3.1', '0.1', '0.5'),
(640, 'ガーリックライス ', '378.0', '4.5', '12.5', '0.8', '1.3'),
(641, 'スコーン ', '214.0', '4.3', '6.9', '0.9', '0.4'),
(642, '肉味噌 ', '118.0', '6.2', '5.0', '1.2', '1.1'),
(643, 'バター餅 ', '177.0', '2.7', '3.9', '0.4', '0.1'),
(644, 'ハムカツ ', '128.0', '7.0', '10.1', '0.1', '1.0'),
(645, 'ベーグル ', '127.0', '3.9', '0.6', '1.0', '0.7'),
(646, 'マカロン ', '69.0', '0.8', '2.8', '0.2', '0.0'),
(647, 'エビマヨ ', '241.0', '10.5', '18.4', '0.1', '1.0'),
(648, '雑煮 ', '147.0', '4.6', '1.5', '0.8', '1.0'),
(649, '白味噌雑煮 ', '157.0', '4.4', '1.3', '1.7', '1.9'),
(650, '焼き鳥丼 ', '774.0', '31.2', '20.5', '2.6', '1.2'),
(651, '麩菓子 ', '222.0', '9.1', '0.8', '1.1', '0.0'),
(652, 'コロッケそば ', '554.0', '19.0', '13.8', '4.0', '6.3'),
(653, '冷やしたぬきそば ', '430.0', '17.2', '6.2', '4.1', '6.0'),
(654, 'いかなごのくぎ煮 ', '98.0', '6.7', '1.9', '0.0', '1.3'),
(655, 'うに丼 ', '536.0', '19.8', '4.3', '2.1', '1.8'),
(656, 'ほうとう ', '492.0', '14.9', '17.5', '5.5', '1.7'),
(657, '伊勢うどん ', '346.0', '9.8', '1.0', '1.9', '5.7'),
(658, '広島風お好み焼き ', '869.0', '26.8', '45.5', '5.7', '1.5'),
(659, '焼きまんじゅう ', '493.0', '8.7', '5.9', '2.4', '2.3'),
(660, '太平燕 ', '399.0', '16.2', '22.8', '3.1', '1.2'),
(661, '味噌煮込みうどん ', '570.0', '26.2', '15.9', '4.4', '3.3'),
(662, '明石焼き ', '330.0', '12.9', '16.8', '0.9', '3.0'),
(663, '冷汁 ', '316.0', '9.0', '3.8', '1.3', '1.0'),
(664, 'タラモサラタ ', '162.0', '3.6', '10.6', '1.0', '0.5'),
(665, 'カマンベールチーズフライ ', '98.0', '4.1', '7.1', '0.2', '0.4'),
(666, 'どて焼き ', '136.0', '20.3', '3.7', '1.9', '0.5'),
(667, 'ニョッキ ', '148.0', '5.1', '1.4', '1.6', '1.3'),
(668, 'ショートブレッド ', '87.0', '0.8', '4.3', '0.3', '0.1'),
(669, 'ひじきご飯 ', '234.0', '5.3', '3.2', '1.5', '0.9'),
(670, '豆ご飯 ', '246.0', '6.1', '1.8', '1.3', '1.1'),
(671, 'さつまいもご飯 ', '239.0', '3.5', '0.6', '1.5', '1.1'),
(672, 'ゆべし ', '255.0', '4.0', '7.2', '0.9', '0.8'),
(673, 'キャロットケーキ ', '220.0', '3.5', '9.9', '1.1', '0.2'),
(674, 'チャパティ ', '96.0', '3.2', '2.2', '2.8', '0.7'),
(675, 'フェジョアーダ ', '667.0', '29.6', '49.6', '3.6', '2.7'),
(676, 'とり天 ', '113.0', '6.0', '7.6', '0.1', '0.5'),
(677, 'たこわさ ', '21.0', '4.2', '0.2', '0.0', '0.5'),
(678, 'オムソバ ', '630.0', '22.8', '27.3', '3.9', '3.8'),
(679, 'チョレギサラダ ', '74.0', '2.6', '3.8', '2.8', '2.0'),
(680, 'アンダンスー ', '63.0', '1.8', '4.1', '0.2', '0.3'),
(681, 'ワカモレ ', '21.0', '0.4', '1.9', '0.6', '0.2'),
(682, 'ヤンニョムチキン ', '108.0', '4.5', '7.2', '0.3', '0.5'),
(683, '酢もつ ', '85.0', '4.9', '6.5', '0.1', '0.3'),
(684, 'バーニャカウダ ', '203.0', '4.9', '12.6', '4.9', '0.6'),
(685, 'バーニャカウダソース ', '63.0', '0.7', '6.1', '0.2', '0.3'),
(686, '焼きカレー ', '631.0', '22.9', '27.6', '1.8', '2.4'),
(687, 'ヒラヤーチー ', '171.0', '4.4', '6.6', '0.8', '2.3'),
(688, '豆腐チャンプルー ', '195.0', '16.2', '11.5', '1.3', '1.0'),
(689, '家常豆腐 ', '306.0', '13.6', '21.3', '2.2', '2.8'),
(690, 'かぼちゃのミルク煮 ', '438.0', '11.3', '18.2', '8.1', '3.5'),
(691, 'かぼちゃの味噌汁 ', '52.0', '2.1', '0.4', '1.4', '0.9'),
(692, 'アジの南蛮漬け ', '189.0', '16.1', '8.7', '1.3', '3.8'),
(693, 'かきたま汁 ', '42.0', '3.2', '2.1', '0.1', '0.6'),
(694, 'ごぼうチップス ', '54.0', '0.7', '3.0', '2.3', '1.0'),
(695, 'れんこんのきんぴら ', '138.0', '1.9', '7.1', '1.3', '1.4'),
(696, 'にんじんのグラッセ ', '36.0', '0.2', '2.1', '0.8', '0.8'),
(697, '小松菜のおひたし ', '17.0', '1.9', '0.2', '1.1', '0.2'),
(698, '大根ステーキ ', '132.0', '1.4', '7.7', '0.9', '2.0'),
(699, 'はりはり鍋 ', '176.0', '21.6', '1.4', '6.4', '5.2'),
(700, 'チャプチェ ', '161.0', '8.0', '5.2', '2.4', '1.2'),
(701, 'タルタルステーキ ', '181.0', '13.3', '12.2', '0.3', '0.7'),
(702, 'ブルスケッタ ', '115.0', '2.1', '6.3', '0.7', '1.3'),
(703, '昆布豆 ', '42.0', '3.1', '1.5', '1.7', '0.5'),
(704, '白菜のクリーム煮 ', '126.0', '6.7', '5.9', '1.2', '2.6'),
(705, 'カチャトーラ ', '471.0', '28.2', '27.6', '3.0', '2.5'),
(706, 'パンプディング ', '328.0', '13.1', '12.2', '1.4', '1.1'),
(707, '韓国海苔 ', '24.0', '1.2', '2.1', '1.1', '1.0'),
(708, 'アヒージョ ', '329.0', '19.6', '25.4', '0.4', '1.4'),
(709, 'ジューシー ', '262.0', '6.2', '6.4', '1.2', '1.1'),
(710, 'トッポギ ', '293.0', '6.2', '4.4', '2.7', '2.1'),
(711, 'ミートパイ ', '327.0', '9.1', '20.3', '1.0', '1.6'),
(712, 'コーンブレッド ', '198.0', '4.0', '7.7', '1.3', '0.6'),
(713, 'ポットパイ ', '475.0', '6.6', '28.6', '1.8', '1.8'),
(714, '豆花 ', '77.0', '5.6', '2.5', '0.3', '0.0'),
(715, 'タッカンマリ ', '598.0', '47.0', '36.1', '2.1', '2.2'),
(716, 'トムカーガイ ', '292.0', '12.1', '25.0', '1.8', '1.5'),
(717, 'カヤトースト ', '398.0', '14.2', '22.4', '1.4', '1.1'),
(718, 'タコのマリネ ', '135.0', '12.0', '6.6', '0.6', '1.0'),
(719, 'カルビタン ', '338.0', '16.8', '24.8', '1.0', '2.1'),
(720, 'ジーマーミ豆腐 ', '87.0', '2.8', '4.8', '0.7', '0.3'),
(721, 'パネトーネ ', '290.0', '7.3', '11.6', '2.1', '0.4'),
(722, 'パーコー麺 ', '860.0', '29.6', '40.6', '4.4', '12.6'),
(723, 'チュロス ', '149.0', '2.8', '4.9', '0.5', '0.1'),
(724, 'ピーカンパイ ', '373.0', '4.7', '24.2', '1.0', '0.6'),
(725, 'かぼちゃの煮物 ', '128.0', '2.4', '0.3', '3.5', '1.1'),
(726, '肉野菜炒め ', '323.0', '8.8', '27.5', '2.2', '2.0'),
(727, '金時豆の甘煮 ', '153.0', '7.0', '0.8', '6.6', '0.6'),
(728, 'ソースカツ丼 ', '823.0', '24.0', '26.1', '1.5', '3.4'),
(729, '肉巻きおにぎり ', '398.0', '13.1', '13.6', '0.4', '1.5'),
(730, '麻婆茄子丼 ', '609.0', '15.1', '12.0', '1.8', '2.2'),
(731, 'きゃらぶき ', '20.0', '0.4', '0.0', '0.6', '0.5'),
(732, 'たたきごぼう ', '55.0', '1.7', '1.2', '2.8', '1.4'),
(733, '呉汁 ', '91.0', '6.5', '4.6', '2.9', '1.2'),
(734, '鴨鍋 ', '246.0', '29.4', '4.2', '5.6', '2.5'),
(735, 'パングラタン ', '469.0', '24.9', '21.9', '3.8', '3.7'),
(736, 'のっぺい汁 ', '39.0', '1.7', '0.2', '2.3', '1.0'),
(737, 'あんかけスパゲティ ', '781.0', '33.7', '28.9', '6.7', '6.6'),
(738, '金目鯛の煮付け ', '179.0', '15.1', '7.2', '0.1', '1.4'),
(739, '油麩丼 ', '648.0', '17.6', '9.1', '1.6', '3.3'),
(740, 'かにめし ', '228.0', '7.2', '0.6', '0.3', '1.2'),
(741, 'わかめご飯 ', '273.0', '4.6', '2.1', '1.5', '1.8'),
(742, 'ネギトロ巻き ', '202.0', '8.9', '1.0', '0.9', '2.1'),
(743, 'ミートソースグラタン ', '340.0', '14.3', '15.3', '1.9', '2.8'),
(744, 'すき焼きうどん ', '548.0', '19.9', '15.2', '2.7', '2.7'),
(745, '菜の花のおひたし ', '39.0', '4.7', '0.2', '2.9', '2.7'),
(746, '麻婆麺 ', '710.0', '33.4', '25.6', '4.1', '9.3'),
(747, 'うざく ', '132.0', '9.2', '7.9', '0.5', '2.0'),
(748, '酢鶏 ', '450.0', '17.4', '26.3', '2.5', '5.8'),
(749, 'サーターアンダギー ', '119.0', '2.1', '4.1', '0.4', '0.3'),
(750, 'シュガートースト ', '256.0', '5.6', '10.7', '1.4', '1.0'),
(751, 'マラサダ ', '209.0', '4.4', '9.0', '0.9', '0.4'),
(752, '揚げパン ', '225.0', '4.3', '6.9', '1.0', '0.7'),
(753, 'クイニーアマン ', '288.0', '3.0', '16.7', '0.8', '1.4'),
(754, 'アボカドグラタン ', '188.0', '4.7', '17.8', '2.1', '0.8'),
(755, 'クーブイリチー ', '184.0', '5.9', '11.1', '4.4', '2.5'),
(756, 'さんが焼き ', '104.0', '10.1', '5.7', '0.4', '0.6'),
(757, 'ポルボロン ', '46.0', '0.4', '2.6', '0.1', '0.1'),
(758, 'コロネーションチキン ', '285.0', '16.1', '20.7', '1.5', '0.9'),
(759, '鶏の酒蒸し ', '380.0', '25.4', '27.2', '0.8', '3.0'),
(760, 'エビカツ ', '117.0', '10.2', '6.5', '0.2', '0.6'),
(761, 'きのこ汁 ', '23.0', '1.7', '0.2', '1.8', '0.4'),
(762, 'きのこ鍋 ', '310.0', '23.6', '15.8', '5.6', '5.0'),
(763, 'ささみカツ ', '105.0', '9.9', '5.7', '0.1', '0.3'),
(764, '酢味噌 ', '29.0', '1.0', '0.3', '0.5', '0.6'),
(765, 'スイートチリソース ', '18.0', '0.1', '0.0', '0.1', '0.2'),
(766, '焼肉定食 ', '805.0', '27.8', '30.6', '4.6', '4.6'),
(767, '野菜カレー ', '747.0', '9.7', '24.3', '4.6', '2.4'),
(768, 'なす天ぷら ', '36.0', '0.6', '2.7', '0.5', '0.0'),
(769, '枝豆豆腐 ', '213.0', '13.7', '6.9', '5.6', '1.8'),
(770, 'シーフードカレー ', '738.0', '27.1', '17.3', '2.6', '4.7'),
(771, 'さつまいもの天ぷら ', '81.0', '0.8', '3.7', '0.7', '0.0'),
(772, '海鮮炒め ', '201.0', '15.7', '10.9', '2.0', '3.0'),
(773, '高野豆腐の卵とじ ', '121.0', '8.7', '5.9', '0.4', '0.9'),
(774, 'さんまの竜田揚げ ', '359.0', '13.7', '27.0', '0.1', '1.5'),
(775, 'レンコン天ぷら ', '45.0', '0.8', '2.7', '0.5', '0.0'),
(776, '深川めし ', '353.0', '9.2', '0.9', '1.2', '3.6'),
(777, 'イタリアンハンバーグ ', '454.0', '27.9', '29.9', '2.1', '3.0'),
(778, 'ベーコンチーズバーガー ', '537.0', '26.2', '29.6', '2.1', '2.5'),
(779, 'シーフードグラタン ', '545.0', '28.1', '27.1', '2.8', '4.0'),
(780, 'サラダ巻き ', '58.0', '2.1', '2.1', '0.4', '0.3'),
(781, 'フィッシュバーガー ', '387.0', '21.3', '16.3', '1.7', '1.7'),
(782, 'プリンアラモード ', '228.0', '6.4', '12.6', '0.4', '0.2'),
(783, '混ぜご飯 ', '199.0', '5.6', '2.5', '0.9', '1.2'),
(784, '柚子胡椒 ', '24.0', '0.9', '0.6', '3.0', '1.7'),
(785, '豆腐ナゲット ', '45.0', '2.7', '3.3', '0.0', '0.1'),
(786, 'どろ焼き ', '397.0', '15.3', '10.6', '4.4', '1.7'),
(787, 'ダッチブレッド ', '251.0', '7.7', '8.7', '1.1', '1.1'),
(788, 'コーンマヨネーズパン ', '200.0', '4.6', '8.0', '1.4', '0.4'),
(789, '牛肉コロッケ ', '211.0', '6.0', '13.0', '1.1', '0.5'),
(790, 'オクラ納豆 ', '62.0', '5.2', '2.5', '2.7', '1.3'),
(791, 'もやしサラダ ', '104.0', '5.0', '5.9', '1.0', '1.9'),
(792, 'もずくスープ ', '13.0', '0.9', '0.1', '0.4', '1.4'),
(793, '豆乳スープ ', '69.0', '4.5', '2.9', '2.3', '2.1'),
(794, 'かぼちゃスープ ', '133.0', '3.5', '6.1', '2.1', '1.6'),
(795, 'インゲンの胡麻和え ', '114.0', '3.8', '6.9', '2.8', '1.1'),
(796, 'サラダピザ ', '466.0', '14.3', '21.4', '2.7', '2.9'),
(797, 'スモークサーモンのマリネ ', '148.0', '13.3', '8.9', '0.5', '2.7'),
(798, 'ブロッコリーサラダ ', '21.0', '1.9', '0.2', '2.1', '0.0'),
(799, 'きゅうりサラダ ', '78.0', '0.8', '6.1', '1.0', '1.0'),
(800, 'つけ麺 ', '647.0', '26.4', '19.3', '4.2', '4.4'),
(801, '高菜チャーハン ', '695.0', '16.6', '23.5', '2.6', '3.3'),
(802, '五目チャーハン ', '693.0', '16.6', '22.5', '2.2', '4.0'),
(803, 'チャーハンおにぎり ', '217.0', '5.0', '6.7', '0.5', '1.2'),
(804, '冷やしトマト ', '69.0', '0.6', '6.1', '0.8', '0.5'),
(805, 'てっちり ', '224.0', '35.8', '3.3', '5.8', '0.9'),
(806, '松茸の土瓶蒸し ', '88.0', '12.7', '2.4', '1.6', '1.3'),
(807, 'キムチチヂミ ', '294.0', '5.3', '14.3', '1.6', '0.8'),
(808, 'かき酢 ', '33.0', '2.8', '0.6', '0.2', '0.7'),
(809, 'ヒレカツ ', '267.0', '24.6', '14.4', '0.3', '1.2'),
(810, 'レンコンサラダ ', '164.0', '3.9', '11.7', '1.3', '1.2'),
(811, '酢れんこん ', '45.0', '0.7', '0.1', '0.8', '0.5'),
(812, 'ゴーヤチップス ', '66.0', '0.4', '4.8', '1.1', '0.5'),
(813, 'ゴーヤ炒め ', '246.0', '7.0', '19.5', '2.1', '1.3'),
(814, 'じゃこピーマン ', '67.0', '3.8', '3.4', '0.8', '1.3'),
(815, 'ほうれんそうサラダ ', '156.0', '4.9', '14.1', '1.7', '1.4'),
(816, 'きくらげ天 ', '113.0', '10.6', '6.7', '0.3', '1.2'),
(817, 'きくらげ卵炒め ', '201.0', '7.4', '15.0', '1.4', '1.9'),
(818, 'しめじご飯 ', '236.0', '4.8', '1.9', '0.8', '0.6'),
(819, 'しめじのバター炒め ', '141.0', '1.0', '14.5', '1.4', '1.0'),
(820, 'なめこそば ', '377.0', '17.2', '1.9', '5.4', '5.9'),
(821, 'なめこおろし ', '12.0', '0.8', '0.1', '1.1', '0.5'),
(822, 'なめこおろしそば ', '402.0', '17.9', '2.1', '7.3', '5.9'),
(823, 'なめこおろしうどん ', '345.0', '11.4', '1.2', '5.3', '6.3'),
(824, 'ベーコンとエリンギのパスタ ', '529.0', '17.6', '16.4', '6.3', '4.2'),
(825, 'エリンギのバター炒め ', '72.0', '3.9', '5.4', '4.3', '1.5'),
(826, 'イサキの煮付け ', '261.0', '20.6', '6.3', '0.2', '3.2'),
(827, '鯖寿司 ', '120.0', '4.0', '4.5', '0.1', '0.8'),
(828, '鯉こく ', '124.0', '10.3', '5.5', '0.5', '0.6'),
(829, 'ツナの炊き込みご飯 ', '198.0', '6.4', '2.2', '1.1', '0.9'),
(830, 'ツナチャーハン ', '633.0', '26.9', '13.6', '1.4', '2.6'),
(831, 'ツナサンド ', '322.0', '13.5', '10.5', '2.3', '2.0'),
(832, 'ハムサンド ', '319.0', '10.3', '11.7', '2.2', '1.7'),
(833, 'BLTサンド ', '340.0', '8.5', '19.8', '2.0', '1.6'),
(834, 'アメリカンクラブハウスサンド ', '570.0', '20.7', '33.8', '2.5', '2.7'),
(835, 'ツナクレープ ', '209.0', '6.5', '12.1', '0.8', '0.9'),
(836, 'ツナマヨおにぎり ', '235.0', '6.1', '4.3', '1.1', '1.2'),
(837, '高菜ピラフ ', '527.0', '13.1', '14.6', '2.8', '5.6'),
(838, 'シーフードピラフ ', '491.0', '14.1', '10.4', '1.4', '3.6'),
(839, 'チキンピラフ ', '545.0', '14.6', '15.9', '1.5', '2.8'),
(840, 'きのこピラフ ', '482.0', '9.2', '11.6', '2.4', '3.0'),
(841, 'ビーフピラフ ', '569.0', '15.9', '17.9', '1.4', '3.2'),
(842, '山菜ピラフ ', '453.0', '7.1', '10.1', '2.0', '3.0'),
(843, 'メキシカンピラフ ', '686.0', '20.2', '26.2', '1.9', '4.4'),
(844, 'かにピラフ ', '483.0', '12.5', '10.3', '1.4', '3.3'),
(845, 'ユッケジャンクッパ ', '554.0', '21.5', '12.2', '2.4', '2.5'),
(846, 'コムタンクッパ ', '980.0', '23.7', '59.5', '1.2', '3.1'),
(847, 'コンナムルクッパ ', '574.0', '16.7', '17.2', '2.9', '4.1'),
(848, 'テジクッパ ', '584.0', '16.2', '23.1', '1.7', '3.5'),
(849, 'ミラノ風ドリア ', '457.0', '17.5', '18.6', '0.5', '1.5'),
(850, 'シーフードドリア ', '487.0', '13.8', '20.6', '1.0', '3.0'),
(851, 'カレードリア ', '484.0', '9.2', '21.1', '2.5', '2.3'),
(852, 'ハンバーグドリア ', '753.0', '28.7', '39.9', '1.0', '3.4'),
(853, '小倉トースト ', '343.0', '8.2', '11.0', '3.9', '1.0'),
(854, 'ペスカトーレピザ ', '585.0', '31.1', '25.9', '2.7', '3.4'),
(855, 'クワトロフォルマッジ ', '754.0', '30.9', '44.8', '2.3', '3.2'),
(856, 'ビスマルクピザ ', '812.0', '43.1', '44.5', '2.6', '4.3'),
(857, 'チリドッグ ', '315.0', '11.0', '15.0', '4.5', '2.5'),
(858, 'レリッシュ ', '3.0', '0.0', '0.0', '0.0', '0.2'),
(859, 'シカゴドッグ ', '281.0', '8.8', '13.0', '1.7', '2.4'),
(860, '筋子おにぎり ', '215.0', '6.2', '2.1', '0.7', '1.0'),
(861, '梅干しおにぎり ', '190.0', '3.2', '0.4', '1.0', '2.7'),
(862, '昆布おにぎり ', '194.0', '3.8', '0.5', '1.4', '1.3'),
(863, 'おかかおにぎり ', '195.0', '4.6', '0.4', '0.7', '1.0'),
(864, '焼きたらこおにぎり ', '204.0', '6.0', '1.0', '0.7', '1.0'),
(865, '高菜おにぎり ', '271.0', '4.6', '0.4', '0.7', '2.6'),
(866, '鮭おにぎり ', '193.0', '4.2', '0.6', '0.7', '0.9'),
(867, '鶏五目おにぎり ', '167.0', '5.6', '3.3', '1.5', '0.6'),
(868, '生タラコおにぎり ', '200.0', '5.6', '0.8', '0.7', '1.0'),
(869, '明太子おにぎり ', '200.0', '5.3', '0.7', '0.7', '1.1'),
(870, '明太フランスパン ', '440.0', '10.8', '20.2', '2.5', '2.4'),
(871, 'オイキムチ ', '15.0', '0.6', '0.1', '0.5', '1.0'),
(872, 'おからクッキー ', '47.0', '0.7', '2.6', '0.6', '0.0'),
(873, 'トマトマリネ ', '64.0', '1.0', '3.1', '1.0', '1.0'),
(874, '玉子トースト ', '337.0', '13.5', '17.9', '1.4', '2.3'),
(875, 'ジャムトースト ', '287.0', '5.7', '10.8', '1.7', '1.0'),
(876, 'ハムチーズトースト ', '261.0', '13.3', '10.1', '1.4', '1.8'),
(877, 'ミックスサンド ', '650.0', '22.4', '28.3', '3.9', '5.2'),
(878, 'シナモントースト ', '260.0', '5.7', '10.8', '1.4', '1.0'),
(879, 'がんもどきの煮物 ', '284.0', '16.5', '17.8', '2.0', '2.4'),
(880, '抹茶ラテ ', '156.0', '6.6', '6.6', '1.4', '0.2'),
(881, '塩キャベツ ', '91.0', '1.0', '8.3', '1.0', '1.2'),
(882, '焼き椎茸 ', '17.0', '0.3', '1.7', '0.4', '0.2'),
(883, '卵粥 ', '115.0', '4.4', '2.9', '0.1', '1.1'),
(884, '鶏レバーの甘辛煮 ', '204.0', '18.6', '6.8', '0.2', '2.8'),
(885, 'かんぴょう煮 ', '73.0', '1.7', '0.0', '3.0', '2.8'),
(886, 'かんぴょう巻き ', '183.0', '3.8', '0.4', '1.4', '2.5'),
(887, '胡麻煎餅 ', '47.0', '0.9', '2.3', '0.4', '0.2'),
(888, 'チョコチップクッキー ', '49.0', '0.6', '2.5', '0.2', '0.1'),
(889, '生チョコ ', '54.0', '0.5', '4.3', '0.3', '0.0'),
(890, 'とろろ昆布汁 ', '41.0', '1.3', '0.2', '0.9', '2.2'),
(891, '枝豆コロッケ ', '214.0', '7.1', '13.6', '1.7', '0.6'),
(892, 'ツナのホワイトクリームパスタ ', '620.0', '25.4', '17.8', '6.6', '3.5'),
(893, 'ハムトースト ', '272.0', '8.9', '13.5', '1.4', '1.5'),
(894, 'かぼちゃパン ', '176.0', '4.3', '4.5', '1.9', '0.4'),
(895, 'レーズンくるみパン ', '211.0', '5.7', '6.5', '1.6', '0.5'),
(896, 'ふきの煮物 ', '23.0', '0.9', '0.0', '0.3', '0.7'),
(897, '明太ポテト ', '132.0', '4.6', '6.0', '1.1', '1.6'),
(898, 'クレープ生地 ', '120.0', '3.9', '5.0', '0.3', '0.4'),
(899, 'アイスクレープ ', '421.0', '7.2', '26.9', '0.7', '0.6'),
(900, '米粉パン ', '185.0', '1.8', '3.6', '0.6', '0.8'),
(901, 'バッテラ ', '127.0', '4.1', '4.5', '0.4', '1.3'),
(902, 'チーズトースト ', '219.0', '9.7', '7.3', '1.4', '1.3'),
(903, '冬瓜の煮物 ', '97.0', '7.0', '5.7', '0.9', '1.4'),
(904, '紫キャベツのコールスロー ', '120.0', '2.5', '8.2', '3.6', '0.9'),
(905, 'わらびたたき ', '37.0', '1.8', '0.3', '1.8', '0.6'),
(906, 'かぼちゃプリン ', '114.0', '4.0', '3.4', '0.9', '0.1'),
(907, 'かぼちゃケーキ ', '281.0', '4.4', '17.9', '1.5', '0.1'),
(908, '山わさびの醤油漬け ', '18.0', '0.5', '0.0', '0.6', '0.4'),
(909, '枝豆のスープ ', '129.0', '6.8', '7.4', '1.7', '2.1'),
(910, '枝豆コーン ', '103.0', '4.1', '6.5', '2.4', '0.4'),
(911, 'そうめんかぼちゃの酢の物 ', '31.0', '0.9', '0.1', '0.8', '0.9'),
(912, '大根菜のおひたし ', '34.0', '3.8', '0.1', '3.2', '2.1'),
(913, '大根の甘酢漬け ', '48.0', '0.2', '0.0', '0.5', '2.0'),
(914, 'レンコンハンバーグ ', '366.0', '19.5', '22.4', '1.8', '2.1'),
(915, '里芋と蓮根の煮物 ', '102.0', '1.7', '3.3', '1.7', '0.9'),
(916, 'レンコンとひき肉のはさみ揚げ ', '77.0', '2.7', '4.8', '0.4', '0.2'),
(917, 'とうもろこしの天ぷら ', '52.0', '1.1', '3.2', '0.7', '0.0'),
(918, 'コーントルティーヤ ', '77.0', '1.2', '2.1', '0.4', '0.3'),
(919, 'セロリの漬け物 ', '15.0', '1.0', '0.1', '1.2', '0.5'),
(920, 'セロリのスープ ', '43.0', '1.3', '3.6', '0.3', '1.0'),
(921, '牛肉とセロリの炒め物 ', '160.0', '12.2', '9.0', '1.1', '2.1'),
(922, '豚肉と白菜の煮物 ', '196.0', '7.0', '15.2', '1.0', '1.4'),
(923, '豚肉と白菜の炒め物 ', '200.0', '6.8', '16.3', '1.0', '1.8'),
(924, '白菜と豚肉の重ね蒸し ', '217.0', '7.5', '13.3', '1.1', '2.1'),
(925, 'かぼちゃ団子 ', '79.0', '0.7', '1.6', '1.3', '0.1'),
(926, 'かぼちゃクッキー ', '29.0', '0.6', '1.0', '0.2', '0.0'),
(927, 'かぼちゃ餡 ', '27.0', '0.3', '0.1', '0.6', '0.2'),
(928, 'カリフラワーのピクルス ', '16.0', '1.2', '0.1', '1.2', '1.0'),
(929, 'たけのこの天ぷら ', '31.0', '0.8', '2.3', '0.4', '0.0'),
(930, 'ビーツスープ ', '101.0', '2.9', '5.5', '1.6', '0.8'),
(931, '米茄子ステーキ ', '183.0', '3.3', '11.1', '4.4', '2.6'),
(932, 'ジンジャーブレッド ', '188.0', '3.6', '5.1', '1.2', '0.3');
INSERT INTO `t_items_template` (`f_item_id`, `f_item_name`, `f_item_calorie`, `f_item_protein_vol`, `f_item_lipid_vol`, `f_item_dietary_fiber_vol`, `f_item_salt_vol`) VALUES
(933, 'かぼちゃカレー ', '746.0', '17.7', '17.9', '4.7', '2.2'),
(934, 'タテギ ', '61.0', '1.1', '4.0', '0.6', '0.6'),
(935, '卵味噌 ', '112.0', '4.8', '3.5', '0.5', '0.7'),
(936, 'かぼちゃリゾット ', '339.0', '6.6', '13.3', '2.7', '1.8'),
(937, 'ごぼうとこんにゃくの煮物 ', '95.0', '1.5', '3.7', '2.7', '1.6'),
(938, '味噌焼きうどん ', '626.0', '21.0', '27.1', '4.3', '8.2'),
(939, 'さんまの南蛮漬け ', '364.0', '14.4', '25.6', '1.3', '2.6'),
(940, '鰯の南蛮漬け ', '340.0', '17.6', '19.9', '1.4', '2.6'),
(941, 'かぼちゃと小豆の煮物 ', '119.0', '2.8', '0.3', '3.2', '1.2'),
(942, '鯛のカルパッチョ ', '268.0', '16.7', '20.2', '0.4', '1.1'),
(943, 'チキンピカタ ', '240.0', '27.7', '11.6', '0.1', '1.3'),
(944, 'カレー春巻き ', '179.0', '3.4', '12.5', '0.8', '0.2'),
(945, '海鮮焼きそば ', '482.0', '26.3', '8.4', '3.8', '4.4'),
(946, '抹茶蒸しパン ', '179.0', '3.8', '6.1', '0.8', '0.2'),
(947, 'リーフパイ ', '31.0', '0.3', '1.9', '0.1', '0.1'),
(948, 'チュイール ', '43.0', '0.8', '2.8', '0.3', '0.0'),
(949, '抹茶カステラ ', '141.0', '3.8', '3.4', '0.6', '0.1'),
(950, 'チョコスコーン ', '210.0', '3.7', '9.0', '1.1', '0.6'),
(951, 'チョコプリン ', '264.0', '4.6', '19.4', '0.6', '0.2'),
(952, '若鮎 ', '132.0', '2.0', '2.8', '0.2', '0.1'),
(953, 'えび天丼 ', '642.0', '22.4', '9.4', '1.0', '2.1'),
(954, '海老ワンタンスープ ', '135.0', '8.3', '4.9', '0.5', '1.5'),
(955, 'ささみロール ', '106.0', '12.0', '5.7', '0.3', '1.7'),
(956, '鮭の幽庵焼き ', '147.0', '18.8', '3.6', '0.0', '1.9'),
(957, '小松菜の辛子和え ', '18.0', '1.2', '0.3', '1.0', '0.6'),
(958, 'はりはり漬け ', '82.0', '1.3', '0.1', '2.0', '1.4'),
(959, 'パン・オ・フィグ ', '161.0', '4.1', '5.4', '2.3', '1.5'),
(960, 'かぼちゃグラタン ', '504.0', '9.9', '32.0', '5.4', '0.8'),
(961, 'ふき味噌 ', '33.0', '0.6', '0.6', '0.6', '0.3'),
(962, 'ダックワーズ ', '95.0', '2.1', '3.5', '0.1', '0.1'),
(963, '豚の竜田揚げ ', '332.0', '15.0', '24.1', '0.0', '1.1'),
(964, '海老ニラ餃子 ', '56.0', '3.1', '1.3', '0.4', '0.3'),
(965, '鱧しゃぶ ', '461.0', '53.6', '13.8', '4.1', '4.1'),
(966, 'クグロフ ', '234.0', '4.0', '10.7', '1.1', '0.3'),
(967, 'ののこめし ', '158.0', '5.5', '5.9', '1.1', '0.7'),
(968, 'フィデワ ', '525.0', '26.4', '20.2', '3.8', '3.3'),
(969, 'コンビーフサンド ', '276.0', '10.7', '12.9', '1.4', '1.4'),
(970, '安倍川餅 ', '160.0', '3.3', '1.2', '1.0', '0.5'),
(971, 'ひっつみ ', '165.0', '8.3', '3.9', '6.6', '1.0'),
(972, 'べこもち ', '113.0', '1.3', '0.2', '0.1', '0.0'),
(973, 'そばかっけ ', '390.0', '7.2', '2.0', '2.9', '2.5'),
(974, 'けの汁 ', '77.0', '3.0', '4.1', '2.1', '0.9'),
(975, 'ほっき飯 ', '159.0', '5.6', '0.6', '0.6', '0.8'),
(976, 'ハタハタ寿司 ', '115.0', '9.2', '3.6', '0.2', '12.2'),
(977, 'どんがら汁 ', '70.0', '8.1', '1.3', '1.2', '0.7'),
(978, 'おみ漬け ', '29.0', '1.6', '0.1', '1.7', '2.5'),
(979, 'こづゆ ', '63.0', '8.1', '0.2', '1.7', '2.4'),
(980, 'いかにんじん ', '109.0', '9.1', '0.5', '1.3', '2.3'),
(981, '冷汁うどん ', '414.0', '12.4', '9.6', '5.7', '2.4'),
(982, 'いが饅頭 ', '212.0', '4.6', '0.6', '2.7', '0.1'),
(983, 'いわしのごま漬け ', '33.0', '2.3', '2.1', '0.3', '1.1'),
(984, 'そぼろ納豆 ', '156.0', '9.8', '5.1', '6.5', '2.9'),
(985, '芋串 ', '226.0', '4.0', '0.9', '3.7', '1.5'),
(986, '耳うどん ', '318.0', '10.2', '1.8', '3.9', '4.9'),
(987, 'ローメン ', '639.0', '25.4', '22.5', '5.1', '3.3'),
(988, '肉吸い ', '252.0', '9.5', '14.9', '0.7', '3.8'),
(989, 'ぼたん鍋 ', '411.0', '26.7', '22.9', '6.1', '2.7'),
(990, 'うずめ飯 ', '308.0', '8.6', '1.7', '1.8', '2.6'),
(991, '餡餅雑煮 ', '192.0', '4.3', '0.9', '2.4', '0.7'),
(992, '牡蠣入りお好み焼き ', '315.0', '15.2', '7.6', '2.9', '3.8'),
(993, '美酒鍋 ', '634.0', '29.4', '27.5', '4.3', '2.7'),
(994, 'バリそば ', '705.0', '16.0', '41.0', '3.5', '1.2'),
(995, '岩国寿司 ', '522.0', '12.2', '5.2', '2.4', '5.5'),
(996, 'そば米雑炊 ', '215.0', '9.3', '4.5', '2.3', '2.7'),
(997, '醤油餅 ', '85.0', '1.0', '0.1', '0.1', '0.3'),
(998, 'やせうま ', '280.0', '9.0', '4.1', '3.6', '0.5'),
(999, 'ふくれ菓子 ', '165.0', '3.6', '1.7', '0.6', '0.2'),
(1000, 'キャベツ焼き ', '345.0', '8.1', '18.9', '3.5', '1.3'),
(1001, 'キャベツポタージュ ', '94.0', '2.0', '6.6', '0.9', '0.9'),
(1002, 'キャベツハンバーグ ', '262.0', '17.9', '16.8', '1.3', '0.7'),
(1003, 'レフォールソース ', '34.0', '0.4', '3.0', '0.3', '0.3'),
(1004, '焼き枝豆 ', '31.0', '2.7', '1.4', '1.2', '1.0'),
(1005, '大根のきんぴら ', '72.0', '0.8', '4.1', '1.3', '0.9'),
(1006, 'れんこんもち ', '160.0', '1.7', '6.1', '1.2', '1.6'),
(1007, 'れんこんまんじゅう ', '70.0', '1.5', '4.0', '0.4', '0.5'),
(1008, 'わさびドレッシング ', '32.0', '0.5', '2.3', '0.1', '0.8'),
(1009, 'たまねぎドレッシング ', '30.0', '0.2', '2.0', '0.1', '0.6'),
(1010, '高菜パスタ ', '879.0', '33.5', '43.7', '6.1', '5.6'),
(1011, '高菜ラーメン ', '471.0', '18.8', '8.6', '5.0', '8.1'),
(1012, '高菜炒め ', '73.0', '1.0', '4.1', '0.8', '0.9'),
(1013, 'レタススープ ', '55.0', '4.8', '3.0', '0.2', '1.8'),
(1014, 'レタス鍋 ', '364.0', '25.2', '20.8', '3.9', '4.6'),
(1015, 'にんじんドレッシング ', '35.0', '0.2', '2.4', '0.1', '0.4'),
(1016, 'にんじんきんぴら ', '92.0', '1.2', '3.7', '1.2', '1.6'),
(1017, 'にんじんジャム ', '12.0', '0.1', '0.0', '0.3', '0.0'),
(1018, 'にんじんクッキー ', '39.0', '0.4', '2.1', '0.1', '0.1'),
(1019, 'にんじんポタージュ ', '108.0', '2.1', '7.3', '1.3', '0.9'),
(1020, 'にんじんゼリー ', '52.0', '0.4', '0.1', '2.5', '0.0'),
(1021, 'にんじんのマリネ ', '56.0', '0.6', '2.1', '2.0', '1.1'),
(1022, 'にんじんのナムル ', '93.0', '0.8', '6.9', '2.0', '1.2'),
(1023, 'ほうれん草のナムル ', '71.0', '2.3', '4.5', '2.2', '1.7'),
(1024, '春菊のおひたし ', '23.0', '1.6', '0.6', '1.7', '1.3'),
(1025, '春菊の天ぷら ', '44.0', '1.1', '3.0', '0.7', '0.1'),
(1026, '春菊の胡麻和え ', '82.0', '3.4', '4.8', '2.6', '2.0'),
(1027, 'わけぎの酢味噌和え ', '78.0', '6.4', '0.9', '1.2', '1.6'),
(1028, 'ゴーヤの佃煮 ', '47.0', '1.6', '0.6', '0.8', '0.7'),
(1029, 'ゴーヤカレー ', '668.0', '18.3', '15.1', '4.1', '3.1'),
(1030, 'ゴーヤの肉詰め ', '93.0', '4.0', '7.0', '1.3', '0.6'),
(1031, 'ゴーヤのおひたし ', '29.0', '1.5', '0.1', '1.6', '1.8'),
(1032, 'ゴーヤサラダ ', '79.0', '3.6', '6.2', '1.4', '0.5'),
(1033, 'ブロッコリー炒め ', '107.0', '9.1', '5.3', '2.1', '0.9'),
(1034, 'ブロッコリーのスープ ', '10.0', '1.2', '0.2', '1.1', '1.3'),
(1035, 'ブロッコリーのポタージュ ', '53.0', '1.1', '3.9', '0.8', '0.9'),
(1036, 'ブロッコリーのパスタ ', '594.0', '19.4', '21.9', '6.8', '4.6'),
(1037, 'ブロッコリーの胡麻和え ', '59.0', '3.8', '2.7', '3.3', '0.5'),
(1038, 'ブロッコリーの天ぷら ', '26.0', '0.8', '1.7', '0.5', '0.0'),
(1039, '水菜パスタ ', '668.0', '29.4', '20.8', '6.5', '3.8'),
(1040, '水菜のサラダ ', '98.0', '5.9', '6.4', '1.0', '2.7'),
(1041, '水菜炒め ', '117.0', '4.6', '8.7', '1.3', '1.1'),
(1042, '水菜のおひたし ', '26.0', '2.4', '0.1', '1.5', '0.9'),
(1043, '水菜のスープ ', '50.0', '1.9', '4.0', '0.6', '1.6'),
(1044, 'モロヘイヤサラダ ', '47.0', '3.0', '0.3', '3.3', '1.3'),
(1045, 'モロヘイヤのスープ ', '68.0', '2.6', '4.5', '2.8', '5.1'),
(1046, 'モロヘイヤカレー ', '631.0', '15.2', '12.8', '3.7', '1.6'),
(1047, 'モロヘイヤのおひたし ', '41.0', '4.4', '0.4', '3.4', '1.5'),
(1048, 'モロヘイヤの味噌汁 ', '42.0', '3.3', '0.5', '2.8', '0.9'),
(1049, 'モロヘイヤの天ぷら ', '27.0', '0.9', '1.7', '0.6', '0.0'),
(1050, '小松菜チャーハン ', '698.0', '21.2', '22.6', '2.2', '4.6'),
(1051, '小松菜の煮浸し ', '44.0', '2.8', '2.2', '1.1', '1.2'),
(1052, '小松菜炒め ', '204.0', '18.2', '10.8', '1.4', '2.7'),
(1053, '小松菜の胡麻和え ', '95.0', '3.4', '4.8', '2.2', '1.3'),
(1054, '小松菜のサラダ ', '117.0', '2.7', '9.6', '2.1', '1.2'),
(1055, '小松菜のパスタ ', '584.0', '18.7', '21.2', '6.6', '4.0'),
(1056, 'もやしスープ ', '47.0', '2.8', '3.3', '0.9', '1.1'),
(1057, 'もやしの味噌汁 ', '35.0', '2.3', '0.5', '1.0', '0.9'),
(1058, 'もやしチャーハン ', '706.0', '18.6', '24.8', '1.8', '4.1'),
(1059, 'もやしハンバーグ ', '246.0', '15.8', '15.7', '1.0', '1.8'),
(1060, 'トマトカレー ', '650.0', '16.3', '14.6', '2.4', '1.6'),
(1061, 'トマト炒め ', '155.0', '8.8', '9.4', '1.7', '1.2'),
(1062, 'トマト餃子 ', '202.0', '8.2', '9.0', '1.7', '1.5'),
(1063, 'トマトオムレツ ', '287.0', '15.5', '22.2', '0.8', '1.7'),
(1064, 'トマト味噌 ', '7.0', '0.2', '0.1', '0.2', '0.1'),
(1065, 'トマトのチーズ焼き ', '119.0', '6.9', '6.7', '1.7', '1.7'),
(1066, '豆苗サラダ ', '66.0', '3.4', '0.7', '2.5', '1.3'),
(1067, '豆苗炒め ', '270.0', '9.7', '23.6', '1.7', '1.0'),
(1068, 'うどの酢味噌和え ', '54.0', '1.2', '0.3', '1.1', '0.6'),
(1069, 'うどのきんぴら ', '82.0', '0.9', '6.0', '0.6', '1.0'),
(1070, 'ねぎ味噌 ', '22.0', '0.5', '0.6', '0.4', '0.3'),
(1071, 'ねぎ塩だれ ', '12.0', '0.2', '1.1', '0.2', '0.4'),
(1072, 'ねぎぬた ', '72.0', '1.6', '0.5', '2.0', '0.8'),
(1073, 'かぶの味噌汁 ', '48.0', '2.9', '0.6', '2.1', '0.9'),
(1074, 'かぶのサラダ ', '47.0', '2.0', '0.2', '2.3', '1.3'),
(1075, 'なすとトマトのパスタ ', '616.0', '18.5', '22.2', '6.7', '3.1'),
(1076, 'ちくわきゅうり ', '76.0', '7.6', '1.2', '0.3', '1.3'),
(1077, 'きゅうり炒め ', '154.0', '9.7', '10.2', '0.7', '1.8'),
(1078, 'きゅうりの佃煮 ', '12.0', '0.9', '0.1', '0.7', '1.9'),
(1079, 'みょうがの甘酢漬け ', '26.0', '0.3', '0.0', '0.7', '0.2'),
(1080, 'にんにく味噌 ', '35.0', '1.3', '0.4', '0.8', '0.7'),
(1081, 'ガーリックチャーハン ', '742.0', '19.1', '26.6', '1.2', '2.8'),
(1082, 'ガーリックバター ', '62.0', '0.2', '6.5', '0.1', '0.2'),
(1083, '生姜スープ ', '51.0', '4.8', '3.1', '0.1', '1.3'),
(1084, '生姜の佃煮 ', '58.0', '1.3', '1.1', '0.9', '1.1'),
(1085, '生姜味噌 ', '33.0', '0.8', '0.2', '0.5', '0.5'),
(1086, '生姜ごはん ', '247.0', '5.0', '1.6', '0.5', '1.2'),
(1087, 'ふきご飯 ', '226.0', '4.8', '2.3', '0.6', '1.0'),
(1088, 'ピーマンサラダ ', '25.0', '0.9', '0.1', '0.7', '1.3'),
(1089, 'ピーマンのきんぴら ', '75.0', '1.0', '5.3', '0.8', '1.1'),
(1090, 'ピーマン丼 ', '724.0', '17.8', '20.4', '2.0', '2.7'),
(1091, 'ピーマンカレー ', '630.0', '14.4', '13.3', '2.7', '1.7'),
(1092, 'ピーマン味噌 ', '85.0', '1.7', '0.2', '0.5', '2.1'),
(1093, 'ピーマンの佃煮 ', '30.0', '0.8', '0.1', '0.9', '0.8'),
(1094, 'アスパラの肉巻き ', '395.0', '22.1', '25.4', '1.1', '1.6'),
(1095, 'アスパラベーコン炒め ', '129.0', '3.9', '11.7', '1.1', '1.2'),
(1096, 'アスパラの天ぷら ', '52.0', '1.0', '4.3', '0.5', '0.0'),
(1097, 'アスパラサラダ ', '29.0', '1.5', '0.1', '1.0', '1.3'),
(1098, 'グリンピースご飯 ', '232.0', '4.6', '0.6', '1.2', '0.8'),
(1099, 'しそ巻き ', '123.0', '1.5', '8.4', '1.0', '0.4'),
(1100, 'しそ餃子 ', '317.0', '10.4', '20.1', '2.4', '1.1'),
(1101, '梅しそパスタ ', '522.0', '23.5', '12.4', '5.2', '8.9'),
(1102, 'しそご飯 ', '251.0', '7.0', '1.7', '0.8', '1.0'),
(1103, 'しそおにぎり ', '191.0', '3.0', '0.7', '0.8', '2.3'),
(1104, 'よもぎパン ', '149.0', '5.2', '2.5', '2.1', '0.7'),
(1105, 'パセリソース ', '22.0', '0.3', '2.0', '0.1', '0.5'),
(1106, 'むかごご飯 ', '220.0', '4.1', '0.5', '1.1', '0.7'),
(1107, 'バジルチキン ', '275.0', '19.8', '19.9', '0.2', '0.6'),
(1108, 'バジルサラダ ', '252.0', '2.1', '25.2', '4.2', '1.0'),
(1109, 'バジルクリームパスタ ', '815.0', '15.1', '47.8', '4.0', '5.3'),
(1110, 'ぜんまいの煮物 ', '63.0', '2.7', '2.3', '2.1', '0.9'),
(1111, 'アボカドバーガー ', '663.0', '29.9', '44.1', '5.4', '3.5'),
(1112, 'アボカド丼 ', '656.0', '25.1', '15.1', '4.7', '1.6'),
(1113, 'アボカドサンド ', '354.0', '25.0', '14.3', '3.7', '1.2'),
(1114, 'アボカドスムージー ', '192.0', '6.4', '14.4', '2.7', '0.2'),
(1115, 'アボカドクリームパスタ ', '693.0', '24.5', '29.8', '7.5', '2.2'),
(1116, 'アボカドカレー ', '832.0', '16.7', '32.4', '6.4', '2.2'),
(1117, 'アボカド納豆丼 ', '673.0', '17.2', '18.9', '8.0', '0.9'),
(1118, 'マグロとアボカドのタルタル ', '254.0', '14.9', '19.6', '1.9', '1.6'),
(1119, '焼きアボカド ', '215.0', '1.9', '22.1', '3.7', '0.2'),
(1120, 'リンゴケーキ ', '332.0', '3.6', '19.2', '1.0', '0.2'),
(1121, 'リンゴバター ', '22.0', '0.0', '1.1', '0.1', '0.0'),
(1122, 'マンゴーラッシー ', '148.0', '4.8', '4.3', '0.9', '0.1'),
(1123, 'マンゴーパフェ ', '443.0', '6.7', '20.0', '1.4', '0.9'),
(1124, 'マンゴーかき氷 ', '239.0', '6.0', '6.0', '1.5', '0.2'),
(1125, 'マンゴーアイス ', '248.0', '2.5', '13.0', '1.0', '0.1'),
(1126, 'マンゴースムージー ', '130.0', '5.5', '5.1', '0.7', '0.2'),
(1127, 'マンゴーゼリー ', '146.0', '4.4', '0.1', '1.0', '0.0'),
(1128, 'マンゴームース ', '278.0', '4.0', '20.1', '1.0', '0.1'),
(1129, 'ぶどうゼリー ', '80.0', '3.1', '0.1', '0.6', '0.0'),
(1130, 'ぶどうケーキ ', '238.0', '3.0', '13.5', '0.3', '0.2'),
(1131, '柿なます ', '30.0', '0.2', '0.1', '0.8', '0.3'),
(1132, 'はっさくゼリー ', '101.0', '2.2', '0.1', '1.6', '0.0'),
(1133, '桃ゼリー ', '84.0', '1.8', '0.1', '0.9', '0.0'),
(1134, 'ブルーベリーパイ ', '274.0', '4.6', '14.1', '1.9', '0.6'),
(1135, 'さつまいもコロッケ ', '284.0', '4.0', '17.2', '1.9', '1.1'),
(1136, '焼きバナナ ', '166.0', '1.1', '9.9', '1.0', '0.2'),
(1137, 'いちごムース ', '205.0', '4.1', '14.6', '0.4', '0.1'),
(1138, 'いちごミルク ', '140.0', '5.3', '5.7', '0.6', '0.2'),
(1139, 'いちごスムージー ', '114.0', '5.6', '5.1', '0.7', '0.2'),
(1140, 'いちごババロア ', '256.0', '5.7', '18.5', '0.6', '0.1'),
(1141, '桃のババロア ', '303.0', '5.7', '18.5', '0.6', '0.1'),
(1142, 'いちごサンド ', '275.0', '6.3', '12.3', '1.8', '0.8'),
(1143, 'いちごプリン ', '192.0', '3.6', '13.2', '0.4', '0.1'),
(1144, 'いちごパイ ', '274.0', '4.9', '14.1', '1.2', '0.8'),
(1145, 'いちごクッキー ', '48.0', '0.6', '2.5', '0.2', '0.1'),
(1146, 'バナナヨーグルト ', '139.0', '4.6', '3.2', '1.0', '0.1'),
(1147, 'バナナアイス ', '359.0', '6.6', '20.8', '0.7', '0.1'),
(1148, 'バナナマフィン ', '217.0', '3.1', '10.0', '0.6', '1.2'),
(1149, 'バナナトースト ', '310.0', '6.6', '10.9', '2.4', '1.0'),
(1150, 'バナナシェイク ', '187.0', '5.8', '7.1', '0.7', '0.2'),
(1151, 'バナナシフォンケーキ ', '139.0', '4.0', '5.4', '0.3', '0.1'),
(1152, 'チョコバナナケーキ ', '264.0', '3.7', '14.8', '1.3', '0.4'),
(1153, 'バナナクッキー ', '57.0', '0.8', '2.1', '0.2', '0.1'),
(1154, 'バナナプリン ', '85.0', '3.1', '2.0', '0.3', '0.1'),
(1155, 'バナナ蒸しパン ', '250.0', '5.3', '5.7', '1.1', '0.3'),
(1156, 'バナナスコーン ', '188.0', '3.5', '6.5', '0.8', '1.0'),
(1157, 'チョコバナナマフィン ', '183.0', '2.7', '8.4', '0.6', '0.3'),
(1158, 'チョコバナナタルト ', '389.0', '5.5', '21.4', '1.2', '1.1'),
(1159, 'パイナップルゼリー ', '115.0', '3.6', '0.2', '0.2', '0.0'),
(1160, '夏みかんゼリー ', '64.0', '2.2', '0.1', '1.2', '0.0'),
(1161, '桃のケーキ ', '317.0', '4.4', '19.5', '0.6', '0.1'),
(1162, '桃のタルト ', '411.0', '6.2', '20.5', '1.8', '1.1'),
(1163, 'スイカゼリー ', '91.0', '3.3', '0.2', '0.4', '1.7'),
(1164, 'グレープフルーツゼリー ', '92.0', '2.1', '0.1', '0.4', '0.0'),
(1165, 'バナナジュース ', '131.0', '3.9', '3.9', '0.6', '0.1'),
(1166, 'メロンアイス ', '358.0', '6.6', '22.1', '0.2', '0.1'),
(1167, 'メロンゼリー ', '125.0', '3.2', '0.1', '0.6', '0.0'),
(1168, '生ハムメロン ', '75.0', '5.5', '3.4', '0.3', '0.6'),
(1169, 'いちじくタルト ', '313.0', '5.0', '19.9', '1.4', '0.3'),
(1170, 'さくらんぼゼリー ', '97.0', '2.1', '0.1', '0.8', '0.0'),
(1171, 'チェリーパイ ', '280.0', '4.7', '14.1', '1.0', '0.8'),
(1172, 'びわゼリー ', '83.0', '1.8', '0.1', '1.2', '0.0'),
(1173, '梅ゼリー ', '90.0', '1.8', '0.1', '0.4', '0.1'),
(1174, 'オレンジタルト ', '360.0', '4.5', '18.0', '0.9', '1.0'),
(1175, 'バナナタルト ', '371.0', '6.0', '21.2', '1.4', '1.1'),
(1176, 'さつまいもタルト ', '432.0', '5.8', '22.6', '2.0', '1.1'),
(1177, 'アーモンドタルト ', '352.0', '6.1', '23.3', '1.8', '1.0'),
(1178, 'クリームチーズタルト ', '271.0', '4.7', '17.7', '0.4', '1.0'),
(1179, 'みかんゼリー ', '80.0', '2.2', '0.1', '0.1', '0.0'),
(1180, 'オレンジムース ', '169.0', '3.0', '11.3', '0.1', '0.1'),
(1181, 'レモンクッキー ', '33.0', '0.4', '1.8', '0.1', '0.1'),
(1182, 'アーモンドクッキー ', '59.0', '1.0', '3.6', '0.3', '0.0'),
(1183, 'ごまクッキー ', '51.0', '0.8', '2.9', '0.2', '0.1'),
(1184, 'くるみクッキー ', '67.0', '1.0', '4.6', '0.3', '0.0'),
(1185, 'シナモンクッキー ', '47.0', '0.6', '2.5', '0.1', '0.1'),
(1186, '塩クッキー ', '46.0', '0.6', '2.5', '0.1', '0.2'),
(1187, '豆乳クッキー ', '46.0', '0.5', '1.7', '0.1', '0.1'),
(1188, '豆乳おからクッキー ', '30.0', '0.8', '1.2', '0.4', '0.0'),
(1189, '梅肉ソース ', '11.0', '0.2', '0.0', '0.4', '2.4'),
(1190, 'フレッシュトマトソース ', '35.0', '0.8', '1.7', '1.1', '2.7'),
(1191, 'トマトバジルソース ', '35.0', '0.8', '1.7', '1.1', '2.6'),
(1192, 'トマトクリームソース ', '61.0', '0.9', '4.3', '1.0', '1.1'),
(1193, 'チョコレートソース ', '39.0', '0.5', '2.7', '0.2', '0.0'),
(1194, 'タピオカココナッツミルク ', '310.0', '4.8', '18.1', '0.2', '0.1'),
(1195, 'きなこ牛乳 ', '168.0', '9.3', '9.5', '1.2', '0.2'),
(1196, '味噌マヨネーズ ', '70.0', '0.4', '6.9', '0.2', '0.3'),
(1197, '豆乳マヨネーズ ', '48.0', '0.2', '5.1', '0.0', '0.5'),
(1198, '豆腐マヨネーズ ', '21.0', '0.6', '1.9', '0.0', '0.4'),
(1199, 'からし酢味噌 ', '33.0', '1.0', '0.6', '0.5', '0.7'),
(1200, '味噌ドレッシング ', '52.0', '0.6', '4.0', '0.3', '0.4'),
(1201, '柚子胡椒ドレッシング ', '61.0', '0.3', '5.6', '0.7', '0.6'),
(1202, 'くるみバター ', '66.0', '1.2', '5.5', '0.6', '0.3'),
(1203, 'くるみ味噌 ', '63.0', '1.2', '2.7', '0.7', '0.4'),
(1204, 'イカ納豆 ', '106.0', '10.4', '2.9', '1.8', '1.6'),
(1205, 'イカのマリネ ', '155.0', '11.1', '8.8', '0.4', '1.7'),
(1206, '納豆トースト ', '336.0', '14.4', '15.7', '4.7', '1.8'),
(1207, 'アボカド納豆 ', '118.0', '5.7', '8.7', '3.4', '1.3'),
(1208, '青じそドレッシング ', '19.0', '0.5', '1.1', '0.2', '0.8'),
(1209, 'オーロラソース ', '59.0', '0.3', '5.3', '0.1', '0.4'),
(1210, 'ごまだれ ', '28.0', '1.1', '1.0', '0.2', '1.3'),
(1211, 'ほうれん草の卵とじ ', '82.0', '7.1', '4.9', '1.4', '0.8'),
(1212, 'ごまドレッシング ', '35.0', '0.8', '1.8', '0.1', '1.2'),
(1213, '中華ドレッシング ', '39.0', '0.8', '3.2', '0.2', '0.9'),
(1214, 'フルーツサンド ', '308.0', '6.8', '12.3', '2.5', '0.8'),
(1215, 'ブルーベリーケーキ ', '212.0', '2.7', '11.6', '0.6', '0.3'),
(1216, 'レモンパウンドケーキ ', '208.0', '2.7', '11.7', '0.3', '0.3'),
(1217, '柳川鍋 ', '212.0', '17.7', '6.8', '1.5', '3.1'),
(1218, '穴子丼 ', '595.0', '19.4', '7.3', '0.8', '1.8'),
(1219, '天かす丼 ', '608.0', '9.1', '13.8', '1.1', '1.0'),
(1220, 'マヨネーズご飯 ', '450.0', '5.8', '18.5', '0.5', '3.0'),
(1221, 'バター醤油ご飯 ', '371.0', '5.5', '10.2', '0.5', '2.8'),
(1222, 'ラードご飯 ', '395.0', '5.4', '12.5', '0.5', '2.6'),
(1223, 'タコチャーハン ', '697.0', '22.4', '22.3', '1.1', '3.9'),
(1224, '鮭チャーハン ', '739.0', '23.8', '23.7', '1.5', '7.6'),
(1225, '味噌チャーハン ', '592.0', '19.8', '9.4', '2.2', '2.2'),
(1226, 'タコの酢の物 ', '26.0', '3.4', '0.2', '0.3', '0.4'),
(1227, 'タコしゃぶ ', '179.0', '24.1', '4.1', '3.9', '2.6'),
(1228, 'タコのカルパッチョ ', '163.0', '8.8', '12.5', '0.7', '1.3'),
(1229, 'いかハンバーグ ', '57.0', '6.3', '2.2', '0.1', '0.6'),
(1230, 'ガレット ', '128.0', '4.5', '6.6', '0.7', '1.1'),
(1231, 'グレープフルーツプリン ', '151.0', '3.5', '9.7', '0.1', '0.1'),
(1232, 'グレープフルーツヨーグルト ', '103.0', '4.6', '3.1', '0.6', '0.1'),
(1233, 'グレープフルーツケーキ ', '213.0', '2.8', '11.7', '0.4', '0.3'),
(1234, 'グレープフルーツタルト ', '359.0', '6.1', '20.4', '1.3', '1.1'),
(1235, 'いちごシェイク ', '154.0', '5.7', '7.0', '0.8', '0.2'),
(1236, 'いちごチョコ ', '37.0', '0.5', '2.1', '0.4', '0.0'),
(1237, '牛乳寒天 ', '66.0', '2.1', '2.4', '0.6', '0.1'),
(1238, 'オレンジケーキ ', '209.0', '2.7', '11.6', '0.3', '0.3'),
(1239, 'ブルーベリーチーズケーキ ', '354.0', '5.0', '28.5', '0.5', '0.3'),
(1240, 'カマンベールチーズケーキ ', '179.0', '7.0', '11.1', '0.1', '0.6'),
(1241, '豆乳チーズケーキ ', '246.0', '5.3', '17.2', '0.1', '0.3'),
(1242, 'レモンチーズケーキ ', '352.0', '5.0', '28.5', '0.1', '0.3'),
(1243, 'レモンシフォンケーキ ', '140.0', '3.7', '5.6', '0.3', '0.1'),
(1244, 'レモンメレンゲパイ ', '357.0', '7.1', '17.2', '0.7', '0.9'),
(1245, 'レモンパスタ ', '729.0', '19.4', '35.5', '3.8', '3.5'),
(1246, '柚子胡椒パスタ ', '535.0', '15.2', '17.0', '7.7', '5.8'),
(1247, 'クリームチーズパスタ ', '620.0', '17.1', '26.6', '4.8', '2.4'),
(1248, 'ウニのクリームパスタ ', '738.0', '18.9', '38.2', '3.8', '4.2'),
(1249, 'キウイスムージー ', '124.0', '5.7', '5.1', '1.3', '0.2'),
(1250, 'メロンパフェ ', '429.0', '7.0', '20.0', '0.9', '0.9'),
(1251, 'ヨーグルトパフェ ', '382.0', '8.5', '9.8', '2.6', '0.9'),
(1252, 'ごまプリン ', '184.0', '4.9', '13.0', '0.7', '0.1'),
(1253, '豆乳プリン ', '95.0', '5.5', '4.1', '0.1', '0.1'),
(1254, 'チョコアイス ', '578.0', '4.8', '36.9', '1.2', '0.2'),
(1255, 'ヨーグルトサラダ ', '17.0', '1.0', '0.5', '0.5', '0.8'),
(1256, 'かぶの煮物 ', '56.0', '1.4', '0.1', '1.4', '1.5'),
(1257, 'めかぶ納豆 ', '108.0', '8.9', '5.3', '5.1', '0.6'),
(1258, 'マグロ納豆 ', '130.0', '18.1', '3.2', '2.0', '0.7'),
(1259, 'マグロの煮付け ', '103.0', '14.0', '0.7', '0.1', '1.4'),
(1260, 'ホタテのカルパッチョ ', '174.0', '9.6', '12.2', '0.7', '1.1'),
(1261, 'すっぽん鍋 ', '492.0', '33.2', '25.6', '2.5', '4.5'),
(1262, 'すっぽんスープ ', '70.0', '4.8', '3.9', '0.1', '0.1'),
(1263, '牡蠣の酒蒸し ', '57.0', '5.4', '1.1', '0.1', '1.0'),
(1264, 'はまぐりの酒蒸し ', '58.0', '7.8', '0.6', '0.1', '3.0'),
(1265, 'おろしポン酢 ', '7.0', '0.3', '0.0', '0.2', '0.3'),
(1266, '白子ポン酢 ', '42.0', '7.4', '0.4', '0.2', '0.9'),
(1267, '塩麹 ', '297.0', '6.0', '1.8', '1.5', '36.1'),
(1268, '人参リンゴジュース ', '92.0', '0.7', '0.2', '3.3', '0.1'),
(1269, '味噌だれ ', '42.0', '0.7', '0.2', '0.4', '0.4'),
(1270, '味噌おでん ', '45.0', '0.7', '0.2', '1.5', '0.4'),
(1271, '味噌おにぎり ', '242.0', '4.8', '0.9', '1.4', '1.1'),
(1272, '南蛮味噌 ', '52.0', '1.0', '1.9', '0.7', '0.6'),
(1273, '味噌餅 ', '133.0', '2.2', '1.2', '0.7', '0.3'),
(1274, '柚子味噌 ', '30.0', '0.8', '0.3', '0.7', '0.5'),
(1275, '鯛味噌 ', '43.0', '1.8', '0.7', '0.5', '0.5'),
(1276, '里芋の味噌汁 ', '53.0', '2.3', '0.4', '1.6', '0.9'),
(1277, 'なすの味噌汁 ', '37.0', '1.9', '0.4', '1.2', '0.9'),
(1278, '卵の味噌汁 ', '78.0', '5.4', '3.5', '0.7', '1.0'),
(1279, 'ほうれん草の味噌汁 ', '42.0', '2.8', '0.6', '2.2', '0.9'),
(1280, '大根と油揚げの味噌汁 ', '53.0', '2.5', '1.6', '1.2', '0.9'),
(1281, 'かぼちゃのそぼろ煮 ', '168.0', '6.9', '5.3', '2.6', '0.8'),
(1282, '大根のそぼろあんかけ ', '163.0', '8.8', '6.2', '1.0', '1.5'),
(1283, '里芋と鶏肉の煮物 ', '293.0', '16.1', '10.7', '4.0', '2.2'),
(1284, '雷こんにゃく ', '41.0', '0.5', '2.1', '2.3', '0.7'),
(1285, 'ツナじゃが ', '219.0', '9.4', '9.0', '2.5', '1.1'),
(1286, 'さつまいもの甘煮 ', '86.0', '0.8', '0.1', '1.1', '0.4'),
(1287, 'さつまいもアイス ', '312.0', '6.1', '8.3', '2.2', '0.1'),
(1288, 'さつまいもパイ ', '322.0', '4.8', '16.7', '1.4', '0.6'),
(1289, 'さつまいもクリーム ', '37.0', '0.2', '1.4', '0.3', '0.0'),
(1290, 'さつまいものポタージュ ', '121.0', '2.5', '3.3', '1.5', '1.0'),
(1291, 'さつまいも餅 ', '98.0', '0.8', '2.7', '0.9', '0.6'),
(1292, 'さつまいも団子 ', '132.0', '1.8', '0.2', '1.1', '0.6'),
(1293, '栗羊羹 ', '157.0', '2.3', '0.2', '1.9', '0.2'),
(1294, '焼きチョコ ', '342.0', '4.2', '17.2', '2.2', '0.1'),
(1295, 'あおさの味噌汁 ', '35.0', '2.3', '0.4', '1.5', '1.2'),
(1296, 'さつまいもマフィン ', '297.0', '3.6', '14.0', '1.4', '1.2'),
(1297, 'チョコマフィン ', '254.0', '3.8', '13.2', '1.2', '1.2'),
(1298, 'チョコカップケーキ ', '165.0', '2.8', '9.7', '0.7', '0.3'),
(1299, 'さつまいものサラダ ', '214.0', '1.6', '9.7', '2.1', '1.7'),
(1300, '小豆がゆ ', '178.0', '3.1', '0.3', '1.2', '3.0'),
(1301, '鮎の塩焼き ', '229.0', '26.7', '11.9', '0.0', '3.1'),
(1302, '鰯の煮付け ', '225.0', '16.7', '11.1', '0.1', '1.6'),
(1303, 'メバルの煮付け ', '164.0', '19.8', '3.7', '0.1', '1.5'),
(1304, 'カワハギの煮付け ', '135.0', '20.6', '0.1', '0.1', '1.6'),
(1305, 'アジの煮付け ', '133.0', '14.9', '2.4', '0.1', '1.5'),
(1306, 'あさりのお吸い物 ', '30.0', '4.3', '0.2', '0.1', '3.0'),
(1307, '松茸のお吸い物 ', '22.0', '1.9', '0.1', '0.5', '1.7'),
(1308, 'タラのムニエル ', '193.0', '14.8', '11.4', '0.3', '1.4'),
(1309, 'タラのホイル焼き ', '146.0', '15.1', '8.4', '0.6', '1.6'),
(1310, 'タラの煮付け ', '113.0', '14.9', '0.2', '0.1', '1.6'),
(1311, 'たら鍋 ', '187.0', '25.5', '2.9', '4.0', '4.9'),
(1312, '卵雑炊 ', '268.0', '10.9', '6.5', '0.6', '0.8'),
(1313, '牡蠣雑炊 ', '260.0', '10.9', '4.3', '0.3', '4.5'),
(1314, '牡蠣の佃煮 ', '47.0', '3.0', '0.6', '0.0', '1.3'),
(1315, 'なすの味噌煮 ', '92.0', '1.3', '5.7', '1.2', '0.4'),
(1316, '鯛茶漬け ', '458.0', '20.5', '9.4', '1.2', '5.1'),
(1317, 'アジ丼 ', '566.0', '26.4', '5.0', '1.3', '1.6'),
(1318, 'イワシのつみれ汁 ', '213.0', '17.4', '11.3', '1.1', '4.0'),
(1319, '牡蠣のアヒージョ ', '295.0', '6.9', '25.5', '0.4', '2.3'),
(1320, '豆乳リゾット ', '342.0', '10.2', '12.4', '2.8', '4.4'),
(1321, '牛肉とごぼうのしぐれ煮 ', '77.0', '3.7', '4.3', '0.9', '0.8'),
(1322, '鶏手羽の甘辛煮 ', '86.0', '5.8', '4.4', '0.1', '0.9'),
(1323, '鶏肉団子スープ ', '151.0', '17.9', '6.4', '1.7', '0.3'),
(1324, '鶏肉のトマト煮 ', '313.0', '22.1', '19.8', '2.4', '2.1'),
(1325, '抹茶チョコ ', '298.0', '5.3', '17.4', '4.3', '0.1'),
(1326, 'チョコラスク ', '133.0', '2.8', '6.3', '0.9', '0.2'),
(1327, 'バタークリームケーキ ', '445.0', '5.0', '31.4', '0.5', '0.8'),
(1328, 'さつまいもケーキ ', '265.0', '4.3', '12.9', '1.0', '0.4'),
(1329, '赤ワイン煮込み ', '574.0', '20.9', '28.7', '2.5', '1.7'),
(1330, 'チョコスフレ ', '339.0', '5.9', '25.0', '0.6', '0.2'),
(1331, '牡蠣グラタン ', '286.0', '16.0', '15.3', '3.0', '2.7'),
(1332, 'ブルーベリーパン ', '151.0', '3.5', '2.7', '1.0', '0.4'),
(1333, 'さつまいもパン ', '149.0', '3.5', '4.0', '1.3', '0.3'),
(1334, '味噌パン ', '320.0', '8.9', '4.9', '2.0', '1.2'),
(1335, '豆乳シチュー ', '259.0', '14.0', '14.5', '3.6', '1.8'),
(1336, '豆乳グラタン ', '465.0', '23.8', '22.1', '2.6', '3.8'),
(1337, '豆腐お好み焼き ', '578.0', '24.9', '29.6', '4.0', '5.2'),
(1338, 'チョコマドレーヌ ', '121.0', '2.1', '7.8', '0.5', '0.1'),
(1339, 'さんま煮付け ', '249.0', '13.6', '17.0', '0.1', '1.5'),
(1340, 'じゃがいもと豚肉の炒めもの ', '568.0', '15.7', '46.7', '1.2', '2.6'),
(1341, '羊羹 ', '109.0', '2.0', '0.1', '1.4', '0.2'),
(1342, 'コーヒーケーキ ', '206.0', '2.6', '11.6', '0.3', '0.3'),
(1343, '豆乳ケーキ ', '212.0', '3.1', '11.9', '0.3', '0.3'),
(1344, 'チョコパウンドケーキ ', '246.0', '3.3', '14.1', '0.9', '0.4'),
(1345, 'ブルーベリーヨーグルト ', '83.0', '3.8', '3.0', '1.3', '0.1'),
(1346, 'ブルーベリースムージー ', '122.0', '5.4', '5.1', '1.7', '0.2'),
(1347, 'ブルーベリーアイス ', '370.0', '6.6', '22.7', '1.3', '0.1'),
(1348, 'ブルーベリーベーグル ', '183.0', '5.5', '0.9', '1.7', '1.0'),
(1349, 'キウイケーキ ', '386.0', '4.9', '25.3', '1.3', '0.2'),
(1350, 'キウイパウンドケーキ ', '222.0', '2.9', '11.7', '1.1', '0.3'),
(1351, 'キウイヨーグルト ', '108.0', '4.5', '3.1', '2.2', '0.1'),
(1352, 'キウイパフェ ', '388.0', '5.8', '18.2', '2.8', '0.7'),
(1353, 'キウイクッキー ', '48.0', '0.7', '2.5', '0.3', '0.1'),
(1354, 'キウイタルト ', '335.0', '5.1', '15.7', '1.3', '1.6'),
(1355, 'キウイアイス ', '342.0', '7.1', '23.0', '1.0', '0.2'),
(1356, 'スイカスムージー ', '90.0', '2.6', '2.1', '0.5', '0.1'),
(1357, 'グレープフルーツスムージー ', '116.0', '5.6', '5.1', '0.3', '0.2'),
(1358, 'りんごスムージー ', '124.0', '5.3', '5.1', '0.8', '0.2'),
(1359, '桃スムージー ', '118.0', '5.5', '5.1', '0.7', '0.2'),
(1360, '桃アイス ', '364.0', '6.6', '22.7', '0.5', '0.1'),
(1361, 'プルーンヨーグルト ', '124.0', '4.5', '3.1', '2.4', '0.1'),
(1362, 'ぶどうアイス ', '372.0', '6.5', '22.7', '0.2', '0.1'),
(1363, '梅干アイス ', '367.0', '6.7', '22.7', '0.5', '1.7'),
(1364, '梅シャーベット ', '101.0', '3.5', '4.0', '0.2', '0.1'),
(1365, 'ゆずアイス ', '366.0', '6.8', '22.8', '1.7', '0.1'),
(1366, 'パパイヤアイス ', '364.0', '6.6', '22.7', '0.9', '0.1'),
(1367, 'トマトアイス ', '363.0', '7.0', '22.7', '0.8', '0.2'),
(1368, '梨アイス ', '366.0', '6.5', '22.7', '0.4', '0.1'),
(1369, '洋梨アイス ', '370.0', '6.5', '22.7', '0.8', '0.1'),
(1370, 'パイナップルアイス ', '368.0', '6.6', '22.7', '0.6', '0.1'),
(1371, 'グレープフルーツアイス ', '364.0', '6.7', '22.7', '0.2', '0.1'),
(1372, 'みかんアイス ', '366.0', '6.7', '22.7', '0.2', '0.1'),
(1373, 'さくらんぼアイス ', '378.0', '6.6', '22.7', '0.4', '0.1'),
(1374, 'とうもろこしアイス ', '386.0', '7.8', '23.3', '1.2', '0.1'),
(1375, 'ずんだアイス ', '402.0', '11.1', '25.1', '2.0', '0.1'),
(1376, 'いちじくアイス ', '370.0', '6.6', '22.7', '0.8', '0.1'),
(1377, 'アボカドアイス ', '422.0', '7.4', '30.1', '2.1', '0.1'),
(1378, 'メロンパンアイス ', '590.0', '13.1', '19.9', '1.4', '1.0'),
(1379, '豆乳アイス ', '333.0', '7.0', '21.2', '0.2', '0.1'),
(1380, 'スイカジュース ', '108.0', '1.1', '0.2', '0.5', '0.5'),
(1381, 'いちじくパフェ ', '438.0', '6.7', '20.0', '1.8', '0.9'),
(1382, 'いちごレアチーズケーキ ', '361.0', '5.2', '28.5', '0.6', '0.3'),
(1383, 'トマトのおひたし ', '81.0', '4.1', '0.2', '1.7', '3.3'),
(1384, 'おでんトマト ', '104.0', '2.9', '0.2', '1.7', '3.1'),
(1385, 'トマトのピクルス ', '124.0', '1.1', '0.1', '1.4', '3.0'),
(1386, 'トマトの肉巻き ', '64.0', '2.8', '4.9', '0.2', '0.2'),
(1387, 'トマトクリームパスタ ', '749.0', '15.4', '37.1', '5.3', '6.3'),
(1388, 'トマトご飯 ', '245.0', '4.7', '0.6', '0.7', '1.5'),
(1389, 'トマトスープ ', '63.0', '2.2', '2.3', '2.0', '2.9'),
(1390, '豆腐の肉巻き ', '406.0', '16.0', '31.0', '0.5', '1.4'),
(1391, 'きゅうりナムル ', '68.0', '1.2', '6.1', '0.6', '2.3'),
(1392, 'いんげんのナムル ', '73.0', '1.6', '6.1', '1.2', '2.3'),
(1393, 'ズッキーニのナムル ', '68.0', '1.3', '6.1', '0.7', '2.3'),
(1394, 'ピーマンナムル ', '72.0', '1.1', '6.1', '1.2', '2.3'),
(1395, 'つるむらさきナムル ', '68.0', '1.0', '6.1', '1.1', '2.3'),
(1396, 'つるむらさき味噌汁 ', '35.0', '1.9', '0.4', '1.3', '0.9'),
(1397, '冬瓜の味噌汁 ', '39.0', '1.9', '0.4', '1.3', '0.9'),
(1398, '豆乳味噌汁 ', '65.0', '4.7', '1.7', '2.4', '0.8'),
(1399, 'レタス味噌汁 ', '35.0', '1.8', '0.4', '1.0', '0.9'),
(1400, 'みょうが味噌汁 ', '33.0', '1.8', '0.4', '1.0', '0.9'),
(1401, 'さやえんどう味噌汁 ', '35.0', '2.0', '0.4', '1.0', '0.9'),
(1402, 'さやえんどう卵とじ ', '105.0', '7.9', '4.7', '1.5', '1.5'),
(1403, 'きゅうり塩昆布 ', '13.0', '1.4', '0.1', '1.2', '0.9'),
(1404, 'ごぼう肉巻き ', '287.0', '18.9', '13.8', '3.5', '1.4'),
(1405, 'いんげん肉巻き ', '265.0', '6.9', '19.9', '0.5', '1.4'),
(1406, 'オクラ肉巻き ', '84.0', '2.5', '7.2', '0.6', '0.2'),
(1407, 'みょうが肉巻き ', '83.0', '2.4', '7.2', '0.3', '0.2'),
(1408, 'ししとう肉巻き ', '82.0', '2.3', '7.2', '0.2', '0.2'),
(1409, '肉巻きポテト ', '119.0', '3.3', '9.0', '0.3', '0.2'),
(1410, 'アボカド肉巻き ', '166.0', '3.9', '15.5', '1.9', '0.5'),
(1411, 'ズッキーニの肉巻き ', '105.0', '3.3', '9.0', '0.4', '0.5'),
(1412, 'ゴーヤのピクルス ', '30.0', '1.1', '0.1', '2.7', '3.0'),
(1413, 'ゴーヤの酢の物 ', '16.0', '0.6', '0.0', '1.1', '0.3'),
(1414, 'じゃがいもの照り焼き ', '242.0', '3.6', '6.1', '1.8', '2.6'),
(1415, 'みょうがピクルス ', '27.0', '1.1', '0.1', '2.4', '3.0'),
(1416, 'パプリカピクルス ', '44.0', '1.1', '0.2', '1.6', '3.0'),
(1417, 'パプリカ肉詰め ', '189.0', '12.1', '9.0', '1.1', '2.1'),
(1418, 'パプリカカレー ', '630.0', '14.4', '13.2', '2.2', '2.2'),
(1419, 'パプリカきんぴら ', '79.0', '1.1', '5.4', '0.6', '1.1'),
(1420, 'ちくわきんぴら ', '64.0', '3.9', '2.6', '0.1', '1.1'),
(1421, 'ちくわの甘辛煮 ', '59.0', '4.2', '0.6', '0.1', '1.5'),
(1422, 'アボカドチーズ ', '194.0', '6.1', '17.8', '3.7', '0.9'),
(1423, 'アボカドトースト ', '436.0', '11.8', '29.5', '5.1', '1.8'),
(1424, 'アボカド刺身 ', '143.0', '2.3', '13.4', '3.7', '1.1'),
(1425, 'アボカド生ハム ', '280.0', '16.2', '23.1', '3.7', '1.7'),
(1426, 'アボカドハンバーグ ', '479.0', '20.4', '38.7', '4.3', '1.6'),
(1427, 'パイナップルスムージー ', '124.0', '5.5', '5.1', '0.8', '0.2'),
(1428, 'さくらんぼパフェ ', '440.0', '7.0', '20.1', '1.4', '0.9'),
(1429, 'マンゴーミルク ', '132.0', '3.9', '3.9', '1.3', '0.1'),
(1430, '洋梨ゼリー ', '93.0', '1.8', '0.1', '1.4', '0.0'),
(1431, '枝豆おにぎり ', '219.0', '4.4', '1.1', '1.0', '0.5'),
(1432, 'インゲンおひたし ', '25.0', '2.2', '0.1', '1.4', '0.7'),
(1433, 'オクラおひたし ', '20.0', '1.7', '0.1', '1.5', '0.7'),
(1434, 'なすおひたし ', '21.0', '1.9', '0.1', '0.8', '0.5'),
(1435, 'つるむらさきおひたし ', '22.0', '2.0', '0.2', '1.7', '0.7'),
(1436, 'ピーマンおひたし ', '23.0', '1.9', '0.2', '1.2', '0.7'),
(1437, 'ししとう焼き ', '30.0', '1.0', '2.1', '1.1', '0.9'),
(1438, 'とうもろこしご飯 ', '238.0', '4.6', '1.0', '1.1', '1.0'),
(1439, '大葉卵焼き ', '330.0', '14.9', '24.4', '0.3', '2.5'),
(1440, 'ごぼう甘辛煮 ', '97.0', '2.5', '1.2', '3.7', '1.7'),
(1441, 'ごぼうポタージュ ', '76.0', '2.5', '3.3', '2.0', '1.0'),
(1442, 'いんげんのきんぴら ', '38.0', '0.8', '2.1', '0.8', '0.4'),
(1443, 'いんげん炒め ', '46.0', '0.6', '4.1', '0.7', '1.0'),
(1444, 'いんげん白和え ', '121.0', '7.4', '6.8', '2.5', '1.7'),
(1445, 'いんげんピーナッツ和え ', '87.0', '3.7', '5.2', '1.7', '0.9'),
(1446, 'オクラおかか和え ', '16.0', '2.0', '0.1', '1.5', '0.5'),
(1447, 'オクラ胡麻和え ', '47.0', '1.8', '2.4', '2.0', '0.4'),
(1448, '里芋ポタージュ ', '83.0', '2.7', '3.3', '1.4', '1.0'),
(1449, '里芋そぼろ煮 ', '147.0', '6.8', '5.2', '1.7', '0.9'),
(1450, '里芋グラタン ', '302.0', '13.9', '16.4', '4.0', '2.1'),
(1451, 'なすグラタン ', '356.0', '15.1', '15.4', '3.5', '2.8'),
(1452, 'なす肉詰め ', '259.0', '9.7', '18.6', '3.0', '2.4'),
(1453, 'かぼちゃガーリック ', '153.0', '2.2', '6.4', '3.6', '1.0'),
(1454, 'かぼちゃバター焼き ', '182.0', '2.0', '10.0', '3.5', '1.2'),
(1455, 'かぼちゃチーズ ', '215.0', '10.1', '9.7', '3.5', '2.0'),
(1456, 'かぼちゃのニョッキ ', '283.0', '6.7', '15.4', '2.6', '1.7'),
(1457, 'かぼちゃキッシュ ', '305.0', '5.9', '17.9', '2.7', '1.7'),
(1458, 'かぼちゃチーズケーキ ', '415.0', '5.6', '28.6', '1.5', '0.8'),
(1459, 'かぼちゃタルト ', '355.0', '5.1', '17.2', '1.7', '1.1'),
(1460, 'かぼちゃパウンドケーキ ', '236.0', '3.3', '11.7', '1.5', '0.3'),
(1461, 'ししとう煮浸し ', '46.0', '0.7', '3.1', '0.5', '0.7'),
(1462, 'ししとう甘辛炒め ', '47.0', '0.5', '3.1', '0.5', '0.4'),
(1463, '大葉ジェノベーゼ ', '174.0', '1.7', '17.6', '2.5', '0.2'),
(1464, 'じゃがいも煮っころがし ', '169.0', '3.1', '0.1', '1.8', '1.7'),
(1465, 'じゃがいもそぼろ煮 ', '174.0', '6.3', '6.9', '1.0', '0.9'),
(1466, 'じゃがいもチーズ ', '228.0', '10.4', '9.5', '1.8', '2.0'),
(1467, 'じゃがいも味噌炒め ', '217.0', '3.7', '2.5', '2.6', '1.0'),
(1468, 'じゃがいもガレット ', '142.0', '2.2', '4.2', '1.8', '1.0'),
(1469, 'じゃがいもおやき ', '175.0', '2.9', '4.3', '2.0', '1.0'),
(1470, 'ポテトクリーム ', '218.0', '3.5', '11.2', '1.8', '1.7'),
(1471, 'ズッキーニチーズ ', '138.0', '9.5', '9.5', '1.3', '2.0'),
(1472, 'ズッキーニピクルス ', '28.0', '1.4', '0.1', '1.4', '3.0'),
(1473, 'ズッキーニカレー ', '658.0', '16.3', '13.3', '4.8', '2.2'),
(1474, 'ズッキーニオムレツ ', '308.0', '16.1', '24.5', '1.3', '1.5'),
(1475, 'ズッキーニマリネ ', '48.0', '0.7', '3.1', '0.7', '1.0'),
(1476, 'ニンニクの芽炒め ', '61.0', '1.0', '4.2', '1.9', '1.5'),
(1477, '枝豆ペペロンチーノ ', '96.0', '6.3', '5.4', '3.5', '2.0'),
(1478, 'しいたけの肉詰め ', '177.0', '14.3', '10.2', '2.1', '2.2'),
(1479, 'ピーマンおかか和え ', '15.0', '1.6', '0.1', '0.6', '0.4'),
(1480, 'ピーマンおかか炒め ', '54.0', '3.2', '3.2', '1.2', '0.9'),
(1481, '冬瓜そぼろ煮 ', '128.0', '5.5', '6.9', '1.0', '0.9'),
(1482, '冬瓜あんかけ ', '76.0', '0.9', '3.1', '1.0', '0.9'),
(1483, '冬瓜カレー ', '689.0', '15.2', '16.3', '4.5', '2.2'),
(1484, '冬瓜中華スープ ', '77.0', '4.9', '4.2', '0.7', '1.4'),
(1485, 'とうもろこしプリン ', '117.0', '4.7', '3.4', '0.9', '0.1'),
(1486, 'ガーリックシュリンプ ', '316.0', '27.5', '20.9', '0.3', '1.7'),
(1487, 'ガーリックチキン ', '682.0', '50.4', '48.1', '0.2', '5.0'),
(1488, 'ガーリックバターライス ', '737.0', '7.8', '31.1', '1.5', '1.2'),
(1489, 'ガーリックラスク ', '338.0', '5.9', '18.8', '1.6', '2.0'),
(1490, '葉唐辛子味噌 ', '33.0', '0.9', '0.5', '0.8', '0.4'),
(1491, '葉唐辛子の佃煮 ', '11.0', '0.7', '0.0', '0.8', '0.4'),
(1492, 'きくらげの佃煮 ', '48.0', '1.1', '0.1', '2.6', '1.3'),
(1493, 'パプリカムース ', '123.0', '1.8', '11.4', '0.3', '0.4'),
(1494, 'レモンケーキ ', '226.0', '2.7', '9.1', '0.3', '0.1'),
(1495, 'メロンケーキ ', '379.0', '4.9', '25.3', '0.5', '0.2'),
(1496, 'パイナップルケーキ ', '249.0', '3.4', '9.9', '1.3', '0.3'),
(1497, 'パイナップルパイ ', '281.0', '4.8', '14.1', '1.3', '0.9'),
(1498, 'パイナップルタルト ', '343.0', '5.0', '15.7', '1.3', '1.6'),
(1499, 'パイナップルチャーハン ', '675.0', '13.8', '18.2', '3.3', '3.7'),
(1500, 'パイナップルプリン ', '202.0', '4.6', '12.1', '0.6', '0.1'),
(1501, 'さくらんぼタルト ', '379.0', '6.4', '20.5', '1.8', '1.1'),
(1502, '桃のスープ ', '111.0', '4.3', '3.6', '1.3', '1.2'),
(1503, 'プルーンケーキ ', '239.0', '3.1', '11.7', '1.5', '0.3'),
(1504, 'さくらんぼケーキ ', '223.0', '2.9', '11.7', '0.6', '0.3'),
(1505, '洋梨パウンドケーキ ', '225.0', '2.7', '11.7', '0.9', '0.3'),
(1506, '洋梨タルト ', '363.0', '5.9', '20.4', '1.6', '1.1'),
(1507, '洋梨パイ ', '277.0', '4.7', '14.1', '1.3', '0.8'),
(1508, 'いちじくロールケーキ ', '259.0', '5.1', '17.2', '0.9', '0.2'),
(1509, 'ライチゼリー ', '107.0', '2.2', '0.1', '0.7', '0.0'),
(1510, 'パパイヤチャンプルー ', '215.0', '8.5', '15.3', '2.9', '1.6'),
(1511, '柿ご飯 ', '263.0', '4.6', '0.6', '1.0', '1.5'),
(1512, '柿の白和え ', '140.0', '6.8', '6.9', '2.2', '1.7'),
(1513, '柿ヨーグルト ', '112.0', '3.9', '3.2', '1.3', '0.1'),
(1514, '柿バター ', '108.0', '0.1', '9.8', '0.3', '0.2'),
(1515, '柿スムージー ', '128.0', '5.4', '5.2', '0.8', '0.2'),
(1516, '柿アイス ', '366.0', '6.3', '22.1', '0.6', '0.1'),
(1517, '柿ソース ', '114.0', '0.4', '4.2', '1.3', '1.1'),
(1518, '柿ゼリー ', '98.0', '1.9', '0.2', '1.2', '0.0'),
(1519, '柿トースト ', '344.0', '10.1', '15.6', '2.7', '1.5'),
(1520, '生ハム柿 ', '124.0', '7.5', '5.2', '1.3', '0.8'),
(1521, '柿ショートケーキ ', '394.0', '4.7', '25.4', '1.1', '0.1'),
(1522, '柿グラタン ', '320.0', '10.8', '22.9', '2.0', '2.3'),
(1523, '柿タルト ', '357.0', '5.0', '15.8', '1.6', '1.6'),
(1524, '柿パイ ', '293.0', '4.8', '14.2', '1.6', '0.8'),
(1525, '柿ポタージュ ', '107.0', '2.3', '3.5', '1.6', '1.4'),
(1526, '干し柿バター ', '191.0', '0.6', '10.4', '5.2', '0.2'),
(1527, '干し柿チーズ ', '164.0', '2.0', '6.6', '5.2', '0.1'),
(1528, '柿プリン ', '107.0', '4.7', '4.1', '0.8', '0.2'),
(1529, '干し柿カマンベールチーズ ', '153.0', '3.7', '4.7', '5.2', '0.3'),
(1530, '干し柿ヨーグルト ', '164.0', '4.2', '3.6', '5.2', '0.1'),
(1531, '干し柿チョコ ', '186.0', '1.6', '5.8', '5.8', '0.0'),
(1532, '干し柿クッキー ', '69.0', '0.7', '2.7', '1.4', '0.1'),
(1533, '干し柿アイス ', '446.0', '6.7', '22.7', '5.2', '0.1'),
(1534, '干し柿パウンドケーキ ', '257.0', '2.9', '11.9', '2.9', '0.3'),
(1535, '干し柿プリン ', '196.0', '5.9', '5.6', '5.2', '0.2'),
(1536, '干し柿白和え ', '105.0', '2.8', '2.8', '3.9', '0.6'),
(1537, '生ハムきゅうり ', '89.0', '8.2', '5.1', '1.1', '0.8'),
(1538, '生ハムオレンジ ', '91.0', '7.6', '5.0', '0.4', '0.8'),
(1539, '生ハムりんご ', '143.0', '7.5', '5.1', '1.9', '0.8'),
(1540, '生ハム桃 ', '116.0', '7.8', '5.1', '1.4', '0.8'),
(1541, 'トマト生ハム ', '98.0', '8.1', '5.1', '1.3', '0.9'),
(1542, '生ハムポテト ', '144.0', '5.6', '2.7', '2.0', '0.5'),
(1543, '生ハムおにぎり ', '251.0', '7.8', '3.7', '0.4', '1.6'),
(1544, '生ハムパン ', '204.0', '7.7', '12.8', '0.7', '1.1'),
(1545, '生ハムサンド ', '211.0', '11.8', '6.9', '1.4', '1.5'),
(1546, '生ハムアボカドサンド ', '298.0', '12.9', '15.6', '3.9', '1.5'),
(1547, '生ハムクリームチーズサンド ', '315.0', '14.2', '16.8', '1.4', '1.7'),
(1548, 'スモークサーモンクリームチーズサンド ', '309.0', '15.2', '13.6', '2.2', '2.1'),
(1549, '生ハムユッケ ', '278.0', '16.0', '18.8', '2.0', '3.1'),
(1550, '生ハムユッケ丼 ', '717.0', '22.5', '19.6', '2.8', '3.1'),
(1551, 'サムギョプサル ', '691.0', '21.4', '63.9', '0.1', '2.1'),
(1552, 'プルコギ ', '555.0', '18.8', '38.9', '5.4', '2.2'),
(1553, '豚肉プルコギ ', '572.0', '18.7', '40.6', '5.4', '2.2'),
(1554, 'タッカルビ ', '585.0', '31.0', '30.6', '7.8', '3.9'),
(1555, 'チーズダッカルビ ', '710.0', '39.1', '40.0', '7.8', '4.9'),
(1556, '豆腐キムチ ', '139.0', '8.3', '8.9', '2.0', '1.1'),
(1557, 'キムチ粥 ', '211.0', '4.3', '1.4', '1.7', '1.1'),
(1558, 'かぼちゃ粥 ', '271.0', '4.6', '0.6', '3.8', '1.5'),
(1559, 'あわび粥 ', '327.0', '15.5', '8.9', '0.4', '2.3'),
(1560, 'きのこ粥 ', '134.0', '3.3', '0.5', '1.7', '1.5'),
(1561, 'ミルク粥 ', '223.0', '7.0', '5.9', '0.3', '1.6'),
(1562, '豆乳粥 ', '194.0', '7.4', '3.2', '0.6', '1.5'),
(1563, 'にんにく粥 ', '128.0', '2.4', '0.4', '0.5', '1.0'),
(1564, '生姜粥 ', '127.0', '2.3', '0.4', '0.4', '1.5'),
(1565, '卵しょうが粥 ', '118.0', '4.5', '2.9', '0.4', '1.1'),
(1566, 'ホタテ粥 ', '112.0', '16.3', '1.8', '0.0', '1.0'),
(1567, '納豆粥 ', '233.0', '11.0', '5.4', '3.7', '2.3'),
(1568, '鮭粥 ', '182.0', '11.2', '2.1', '0.3', '1.5'),
(1569, 'オートミール粥 ', '132.0', '4.8', '2.0', '3.3', '1.5'),
(1570, 'トマト粥 ', '135.0', '2.5', '0.4', '0.7', '1.5'),
(1571, '明太子粥 ', '143.0', '5.4', '0.8', '0.3', '1.8'),
(1572, 'たらこ粥 ', '145.0', '5.8', '1.0', '0.3', '1.7'),
(1573, 'ほうれん草粥 ', '129.0', '2.5', '0.4', '0.7', '1.0'),
(1574, '梅粥 ', '136.0', '2.4', '0.4', '0.5', '1.8'),
(1575, '牛乳雑炊 ', '283.0', '9.6', '7.5', '0.6', '1.9'),
(1576, '豆乳雑炊 ', '274.0', '10.5', '6.4', '0.8', '1.8'),
(1577, '豆腐雑炊 ', '301.0', '13.8', '8.7', '1.0', '1.9'),
(1578, 'ホタテ雑炊 ', '309.0', '22.0', '5.4', '0.6', '2.8'),
(1579, 'にんにく雑炊 ', '241.0', '7.8', '3.8', '1.7', '1.6'),
(1580, '生姜雑炊 ', '234.0', '7.3', '4.5', '0.9', '1.9'),
(1581, 'きのこ雑炊 ', '228.0', '7.9', '3.6', '2.0', '1.9'),
(1582, 'カニ雑炊 ', '233.0', '9.6', '3.5', '0.4', '2.1'),
(1583, '鶏雑炊 ', '294.0', '12.5', '8.7', '1.1', '2.0'),
(1584, 'キムチ雑炊 ', '241.0', '7.9', '4.5', '1.3', '1.4'),
(1585, '豚キムチ雑炊 ', '292.0', '8.5', '10.1', '0.9', '1.0'),
(1586, '納豆雑炊 ', '319.0', '15.1', '8.4', '3.8', '1.4'),
(1587, '鮭雑炊 ', '274.0', '15.8', '5.2', '0.4', '2.0'),
(1588, 'スンドゥブ雑炊 ', '421.0', '13.9', '20.5', '1.2', '1.6'),
(1589, 'ラーメン雑炊 ', '417.0', '11.4', '12.3', '2.1', '3.6'),
(1590, 'トマト雑炊 ', '227.0', '7.2', '3.5', '0.9', '1.9'),
(1591, 'なす味噌炒め ', '94.0', '1.5', '6.2', '2.0', '0.6'),
(1592, 'なすひき肉カレー ', '757.0', '17.9', '25.3', '3.1', '3.2'),
(1593, 'しらす丼 ', '516.0', '13.5', '4.9', '2.1', '1.3'),
(1594, 'しらす大根 ', '30.0', '2.7', '0.3', '1.3', '0.8'),
(1595, 'しらすおにぎり ', '217.0', '4.5', '1.4', '0.4', '1.2'),
(1596, 'しらすご飯 ', '248.0', '10.1', '1.1', '0.4', '1.1'),
(1597, 'しらすトースト ', '296.0', '8.3', '16.3', '1.7', '1.3'),
(1598, 'しらすチーズトースト ', '320.0', '12.4', '17.0', '1.7', '1.8'),
(1599, 'イクラおにぎり ', '232.0', '6.9', '2.0', '0.9', '1.3'),
(1600, 'イクラ寿司 ', '63.0', '4.1', '1.8', '0.3', '0.6'),
(1601, '甘エビ寿司 ', '61.0', '6.5', '0.3', '0.0', '0.6'),
(1602, 'タコ寿司 ', '50.0', '3.8', '0.3', '0.0', '0.5'),
(1603, 'マグロ寿司 ', '60.0', '5.8', '0.5', '0.0', '0.4'),
(1604, '鯛寿司 ', '74.0', '4.9', '2.3', '0.0', '0.4'),
(1605, 'たまご寿司 ', '73.0', '3.2', '2.5', '0.0', '0.6'),
(1606, 'ホタテ寿司 ', '50.0', '3.2', '0.2', '0.0', '0.4'),
(1607, 'ハマチ寿司 ', '86.0', '4.5', '3.8', '0.0', '0.4'),
(1608, 'ぶり寿司 ', '86.0', '4.8', '3.7', '0.0', '0.4'),
(1609, 'カンパチ寿司 ', '61.0', '4.7', '1.0', '0.0', '0.4'),
(1610, 'サーモン寿司 ', '63.0', '5.0', '1.1', '0.0', '0.4'),
(1611, 'ホッキ貝寿司 ', '50.0', '2.8', '0.4', '0.0', '0.5'),
(1612, 'アジ寿司 ', '59.0', '4.7', '0.9', '0.0', '0.4'),
(1613, '穴子寿司 ', '74.0', '4.2', '2.0', '0.0', '0.7'),
(1614, 'しめ鯖寿司 ', '103.0', '4.3', '5.6', '0.0', '0.7'),
(1615, 'イワシ寿司 ', '78.0', '4.5', '3.0', '0.0', '0.4'),
(1616, 'つぶ貝寿司 ', '52.0', '4.1', '0.2', '0.0', '0.5'),
(1617, '赤貝寿司 ', '50.0', '3.2', '0.2', '0.0', '0.5'),
(1618, '筋子寿司 ', '92.0', '6.9', '3.7', '0.3', '1.3'),
(1619, 'ズワイガニ寿司 ', '41.0', '1.9', '0.2', '0.0', '0.4'),
(1620, 'タラバガニ寿司 ', '37.0', '1.1', '0.2', '0.0', '0.4'),
(1621, '数の子寿司 ', '44.0', '2.0', '0.5', '0.0', '0.5'),
(1622, 'アワビ寿司 ', '42.0', '1.8', '0.2', '0.0', '0.4'),
(1623, 'ヒラメ寿司 ', '60.0', '4.8', '0.9', '0.0', '0.4'),
(1624, '太刀魚ムニエル ', '344.0', '13.9', '28.0', '0.3', '1.3'),
(1625, 'きんき煮つけ ', '314.0', '14.4', '21.7', '0.1', '1.5'),
(1626, 'きんき鍋 ', '354.0', '19.2', '23.2', '3.1', '4.7'),
(1627, '赤魚煮付け ', '135.0', '14.6', '2.7', '0.1', '1.5'),
(1628, '納豆ご飯 ', '375.0', '12.7', '5.6', '3.8', '0.8'),
(1629, '納豆チーズご飯 ', '437.0', '16.9', '10.3', '4.0', '1.3'),
(1630, '納豆餅 ', '172.0', '6.7', '3.0', '2.3', '0.4'),
(1631, '納豆卵焼き ', '421.0', '23.6', '29.5', '3.0', '1.3'),
(1632, '納豆オムレツ ', '373.0', '23.6', '27.1', '3.0', '2.6'),
(1633, '納豆焼きそば ', '574.0', '23.8', '18.6', '7.7', '4.2'),
(1634, '納豆油揚げ ', '225.0', '14.4', '15.0', '3.9', '0.9'),
(1635, '納豆しらす ', '121.0', '10.2', '6.1', '3.5', '0.7'),
(1636, '納豆そば ', '402.0', '21.9', '6.4', '6.1', '6.3'),
(1637, '納豆うどん ', '417.0', '18.3', '5.9', '4.9', '6.8'),
(1638, '納豆そうめん ', '554.0', '22.8', '6.8', '6.1', '7.0'),
(1639, '納豆とろろ ', '167.0', '11.1', '5.1', '4.7', '0.9'),
(1640, '納豆とろろそば ', '471.0', '24.5', '6.6', '7.8', '6.7'),
(1641, '納豆オクラそば ', '365.0', '18.6', '4.0', '5.8', '7.1'),
(1642, '納豆オクラうどん ', '381.0', '15.0', '3.5', '4.6', '7.6'),
(1643, '納豆たくあん ', '106.0', '8.8', '5.0', '3.7', '0.8'),
(1644, 'キムチ納豆 ', '118.0', '9.3', '5.1', '4.3', '0.9'),
(1645, '納豆キムチご飯 ', '387.0', '13.3', '5.6', '4.8', '0.9'),
(1646, '納豆ピザ ', '557.0', '30.2', '20.5', '6.1', '3.3'),
(1647, '納豆パスタ ', '594.0', '22.3', '19.3', '7.5', '2.0'),
(1648, '納豆バター醤油パスタ ', '594.0', '22.7', '19.4', '7.5', '2.9'),
(1649, '納豆ツナパスタ ', '625.0', '29.4', '20.0', '7.6', '2.3'),
(1650, '納豆ツナマヨパスタ ', '708.0', '29.6', '29.0', '7.6', '2.5'),
(1651, '納豆オクラパスタ ', '602.0', '22.9', '19.4', '8.8', '2.0'),
(1652, '納豆大根おろしパスタ ', '605.0', '22.6', '19.3', '8.4', '2.0'),
(1653, '納豆キムチパスタ ', '616.0', '23.7', '19.4', '8.8', '3.1'),
(1654, '納豆カルボナーラ ', '857.0', '31.0', '43.9', '7.3', '3.7'),
(1655, '納豆たくあんご飯 ', '372.0', '12.4', '5.5', '4.2', '0.2'),
(1656, '納豆たくあんパスタ ', '598.0', '22.6', '19.3', '8.0', '2.4'),
(1657, '納豆たくあんトースト ', '338.0', '14.2', '15.8', '5.1', '1.4'),
(1658, 'からみ餅 ', '131.0', '2.8', '0.5', '1.1', '0.9'),
(1659, 'おろしそば ', '323.0', '13.8', '1.5', '4.4', '5.8'),
(1660, 'おろしうどん ', '338.0', '10.2', '1.0', '3.2', '6.3'),
(1661, 'おろしそうめん ', '477.0', '14.7', '1.9', '4.4', '6.5'),
(1662, 'オクラそうめん ', '466.0', '15.0', '1.9', '4.5', '6.7'),
(1663, 'オクラ長芋 ', '53.0', '3.1', '0.1', '2.1', '0.9'),
(1664, 'オクラちくわ ', '120.0', '8.1', '5.3', '1.4', '1.6'),
(1665, 'オクラ味噌汁 ', '40.0', '2.2', '0.4', '2.0', '0.9'),
(1666, 'オクラパスタ ', '503.0', '14.8', '14.4', '5.9', '2.0'),
(1667, 'オクラベーコンパスタ ', '573.0', '17.0', '21.0', '5.9', '2.4'),
(1668, 'オクラトマトパスタ ', '522.0', '15.4', '14.5', '6.8', '2.1'),
(1669, 'とろろご飯 ', '355.0', '9.6', '3.6', '1.4', '1.1'),
(1670, 'とろろそうめん ', '535.0', '17.1', '1.9', '4.6', '6.7'),
(1671, '塩昆布卵焼き ', '326.0', '15.7', '24.4', '0.7', '1.4'),
(1672, '卵かけご飯マヨネーズ ', '439.0', '12.7', '15.7', '0.5', '3.1'),
(1673, '卵かけご飯チーズ ', '418.0', '16.6', '11.3', '0.5', '3.4'),
(1674, '納豆卵かけご飯 ', '456.0', '20.8', '11.6', '3.8', '2.9'),
(1675, '卵かけご飯鰹節 ', '360.0', '13.7', '6.7', '0.5', '2.9'),
(1676, '卵かけご飯ごま油 ', '392.0', '12.5', '10.6', '0.5', '2.9'),
(1677, '卵かけご飯オリーブオイル ', '392.0', '12.5', '10.6', '0.5', '2.9'),
(1678, 'かぼすご飯 ', '281.0', '5.1', '0.5', '0.5', '0.5'),
(1679, 'かぼす胡椒 ', '10.0', '0.4', '0.3', '0.9', '1.4'),
(1680, 'かぼすパウンドケーキ ', '210.0', '2.7', '11.7', '0.3', '0.3'),
(1681, 'すき焼き ', '490.0', '27.4', '25.3', '5.7', '4.1'),
(1682, '湯豆腐 ', '134.0', '12.7', '6.4', '0.7', '3.0'),
(1683, 'トマト鍋 ', '116.0', '5.9', '4.5', '6.9', '2.9'),
(1684, 'カニ鍋 ', '137.0', '17.9', '1.5', '2.5', '5.4'),
(1685, '海鮮鍋 ', '216.0', '34.1', '1.3', '4.2', '5.9'),
(1686, 'りんごヨーグルト ', '132.0', '3.9', '3.1', '1.9', '0.1'),
(1687, 'りんごスープ ', '126.0', '3.9', '3.6', '1.5', '1.2'),
(1688, 'りんごポタージュ ', '121.0', '2.6', '2.1', '2.0', '1.1'),
(1689, 'りんごご飯 ', '233.0', '4.0', '0.6', '0.8', '0.8'),
(1690, 'りんごソース ', '86.0', '0.2', '0.1', '1.0', '1.0'),
(1691, 'カツオのガーリックバターステーキ ', '295.0', '27.2', '14.5', '0.4', '3.7'),
(1692, 'カツオステーキ ', '216.0', '26.9', '6.3', '0.2', '3.5'),
(1693, 'カツオハンバーグ ', '344.0', '29.1', '20.7', '0.8', '3.1'),
(1694, 'かつお角煮 ', '215.0', '26.0', '6.2', '0.1', '1.8'),
(1695, 'いわしハンバーグ ', '440.0', '27.9', '31.2', '0.8', '3.4'),
(1696, 'こはだ南蛮漬け ', '383.0', '34.9', '20.7', '1.3', '4.3'),
(1697, 'カンパチ丼 ', '580.0', '28.6', '5.4', '1.3', '1.3'),
(1698, 'カンパチ照り焼き ', '213.0', '18.3', '6.4', '0.1', '2.8'),
(1699, 'かんぱちのしゃぶしゃぶ鍋 ', '252.0', '29.9', '7.6', '3.4', '4.0'),
(1700, '鱒のホイル焼き ', '208.0', '18.4', '13.5', '0.6', '1.5'),
(1701, '鱒の煮付け ', '174.0', '18.2', '5.3', '0.1', '1.5'),
(1702, '鱒のムニエル ', '254.0', '18.1', '16.5', '0.3', '1.3'),
(1703, '鰆ムニエル ', '273.0', '16.8', '19.0', '0.3', '1.3'),
(1704, '鰆の照り焼き ', '252.0', '17.6', '10.8', '0.1', '2.8'),
(1705, 'さわらホイル焼き ', '227.0', '17.1', '16.0', '0.6', '1.5'),
(1706, 'さんま丼 ', '999.9', '44.1', '48.8', '0.9', '3.3'),
(1707, 'さんまご飯 ', '388.0', '11.0', '9.1', '1.3', '2.0'),
(1708, '伊勢海老グラタン ', '556.0', '30.4', '33.6', '1.8', '5.5'),
(1709, '伊勢海老味噌汁 ', '59.0', '8.0', '0.5', '0.8', '1.2'),
(1710, 'たらこチャーハン ', '674.0', '21.2', '21.1', '1.3', '1.9'),
(1711, 'たらこご飯 ', '312.0', '11.2', '1.9', '0.5', '1.4'),
(1712, 'たらこバター醤油ご飯 ', '414.0', '12.7', '11.6', '0.5', '4.2'),
(1713, 'たらこマヨネーズご飯 ', '492.0', '13.0', '20.0', '0.5', '4.4'),
(1714, 'たらこトースト ', '256.0', '9.7', '11.5', '1.7', '1.7'),
(1715, 'たらこマヨネーズトースト ', '338.0', '9.4', '20.5', '1.4', '1.9'),
(1716, 'たらこ茶漬け ', '329.0', '10.1', '3.1', '1.1', '3.8'),
(1717, 'たらこクリーム ', '189.0', '10.6', '11.6', '0.2', '2.3'),
(1718, 'たらこクリームパスタ ', '678.0', '24.1', '25.9', '4.3', '3.8'),
(1719, 'たらこクリームうどん ', '491.0', '19.8', '14.5', '2.4', '4.7'),
(1720, 'たらこバターうどん ', '425.0', '13.9', '17.0', '2.5', '2.4'),
(1721, '明太子クリームうどん ', '481.0', '17.9', '13.9', '2.4', '4.8'),
(1722, '明太子バターうどん ', '426.0', '13.4', '16.4', '2.5', '5.1'),
(1723, '明太子トースト ', '254.0', '9.2', '11.3', '1.7', '1.8'),
(1724, '明太マヨトースト ', '336.0', '9.0', '20.3', '1.4', '2.0'),
(1725, '明太子クリーム ', '179.0', '8.7', '11.0', '0.2', '2.4'),
(1726, '明太子ご飯 ', '302.0', '9.3', '1.3', '0.5', '1.4'),
(1727, '明太子リゾット ', '365.0', '15.7', '14.8', '1.8', '4.4'),
(1728, '明太子茶漬け ', '325.0', '9.6', '2.9', '1.1', '3.9'),
(1729, 'ハタハタ煮付け ', '178.0', '16.6', '6.4', '0.1', '1.9'),
(1730, 'ハタハタ南蛮漬け ', '231.0', '17.5', '12.6', '1.3', '4.1'),
(1731, 'なす南蛮漬け ', '287.0', '3.9', '12.3', '3.8', '2.6'),
(1732, 'ささみ南蛮漬け ', '194.0', '21.4', '6.9', '1.3', '3.7'),
(1733, 'ししゃも南蛮漬け ', '303.0', '26.9', '15.9', '1.2', '5.0'),
(1734, '生ハムアスパラクリームパスタ ', '690.0', '27.7', '26.8', '4.7', '2.8'),
(1735, '生ハムペペロンチーノ ', '581.0', '21.2', '19.5', '4.7', '3.8'),
(1736, '生ハムアボカドパスタ ', '690.0', '22.0', '32.3', '7.5', '3.8'),
(1737, '生ハムカルボナーラ ', '855.0', '35.1', '43.5', '3.9', '4.5'),
(1738, '生ハムキャベツパスタ ', '581.0', '21.5', '19.4', '5.4', '3.8'),
(1739, '生ハムほうれん草パスタ ', '584.0', '22.7', '19.7', '6.7', '3.8'),
(1740, '生ハムトマトパスタ ', '597.0', '21.7', '19.5', '5.6', '3.8'),
(1741, '生ハムクリームパスタ ', '894.0', '46.2', '40.5', '3.8', '4.5'),
(1742, '生ハムトマトクリームパスタ ', '913.0', '46.8', '40.6', '4.6', '4.6'),
(1743, 'はも鍋 ', '324.0', '31.2', '7.6', '4.6', '6.6'),
(1744, '鱧の照り焼き ', '225.0', '19.4', '7.3', '0.1', '2.8'),
(1745, '鱧のお吸い物 ', '71.0', '9.7', '2.1', '0.1', '2.0'),
(1746, '鱧の湯引き ', '202.0', '24.2', '5.9', '1.1', '3.4'),
(1747, 'キムチ焼きそば ', '446.0', '11.0', '13.9', '5.6', '4.7'),
(1748, 'キムチマヨネーズ ', '192.0', '1.8', '18.2', '1.4', '1.5'),
(1749, 'キムチマヨネーズ丼 ', '628.0', '8.3', '19.0', '2.1', '1.5'),
(1750, 'キムチマヨネーズチャーハン ', '853.0', '15.9', '40.2', '2.6', '2.4'),
(1751, '豚キムチ ', '593.0', '19.5', '47.2', '6.1', '2.3'),
(1752, '豚キムチマヨネーズ ', '764.0', '19.9', '65.2', '6.0', '2.7'),
(1753, 'キムチうどん ', '478.0', '16.8', '8.5', '5.7', '9.8'),
(1754, 'キムチ焼きうどん ', '541.0', '13.7', '23.9', '5.2', '4.5'),
(1755, 'そばいなり ', '95.0', '3.8', '4.3', '0.7', '1.0'),
(1756, 'そば寿司 ', '276.0', '11.4', '2.1', '4.1', '1.5'),
(1757, 'けんちんそば ', '361.0', '15.4', '4.4', '6.1', '5.8'),
(1758, 'けんちんうどん ', '373.0', '11.8', '3.9', '5.0', '6.2'),
(1759, 'おろし醤油うどん ', '271.0', '7.7', '1.0', '3.3', '2.9'),
(1760, 'ソーセージマフィン ', '311.0', '14.2', '18.0', '0.7', '1.5'),
(1761, 'ソーセージエッグマフィン ', '440.0', '21.6', '28.2', '0.7', '3.8'),
(1762, '小倉マフィン ', '277.0', '4.6', '10.1', '2.1', '1.2'),
(1763, 'チーズマフィン ', '272.0', '7.4', '15.2', '0.4', '1.7'),
(1764, 'クリームチーズマフィン ', '273.0', '4.5', '16.6', '0.4', '1.3'),
(1765, 'イングリッシュマフィンピザ ', '222.0', '9.5', '10.1', '1.0', '1.3'),
(1766, '牡蠣ご飯 ', '267.0', '8.5', '1.4', '0.4', '1.7'),
(1767, 'ホタテの炊き込みご飯 ', '309.0', '19.5', '1.6', '1.0', '1.9'),
(1768, '鮭の炊き込みご飯 ', '313.0', '17.9', '3.3', '0.3', '1.0'),
(1769, 'はらこ飯 ', '341.0', '21.3', '4.8', '0.4', '1.2'),
(1770, '鮭のクリーム煮 ', '260.0', '22.7', '12.8', '1.9', '1.6'),
(1771, '鮭ハンバーグ ', '358.0', '31.3', '20.5', '1.0', '2.3'),
(1772, 'マグロハンバーグ ', '298.0', '30.2', '15.9', '0.6', '2.7'),
(1773, 'ガーリックハンバーグ ', '415.0', '26.5', '24.3', '1.9', '1.5'),
(1774, 'クリームチーズハンバーグ ', '494.0', '28.2', '32.4', '1.5', '1.7'),
(1775, 'カマンベールハンバーグ ', '484.0', '30.9', '30.3', '1.5', '2.0'),
(1776, '目玉焼きハンバーグ ', '536.0', '33.6', '34.4', '1.5', '3.7'),
(1777, 'ポテサラハンバーグ ', '478.0', '28.0', '28.5', '2.2', '2.0'),
(1778, '照り焼きハンバーグ ', '434.0', '26.5', '24.2', '1.5', '2.1'),
(1779, 'オムカレー ', '700.0', '24.8', '25.6', '1.8', '4.6'),
(1780, '麻婆焼きそば ', '694.0', '28.6', '29.0', '5.3', '6.0'),
(1781, '麻婆チャーハン ', '940.0', '32.8', '40.1', '2.7', '6.4'),
(1782, 'バター醤油焼きそば ', '616.0', '21.3', '21.4', '12.1', '2.8'),
(1783, 'たらこ焼きそば ', '456.0', '15.9', '16.1', '3.1', '3.3'),
(1784, 'チーズ焼きそば ', '589.0', '23.5', '22.9', '4.4', '4.5'),
(1785, '明太子焼きそば ', '447.0', '14.0', '15.5', '3.1', '3.3'),
(1786, '明太マヨ焼きそば ', '573.0', '14.2', '29.1', '3.1', '3.6'),
(1787, 'カレー焼きそば ', '563.0', '14.3', '25.5', '5.5', '3.7'),
(1788, 'ケチャップ焼きそば ', '591.0', '14.0', '24.9', '4.6', '4.1'),
(1789, '焼きそばミートソース ', '511.0', '11.8', '19.6', '2.8', '3.1'),
(1790, '焼きそばカルボナーラ ', '672.0', '17.9', '38.4', '2.9', '3.4'),
(1791, '味噌焼きそば ', '585.0', '14.9', '21.5', '5.4', '1.8'),
(1792, '辛味噌焼きそば ', '600.0', '15.9', '21.6', '5.7', '4.6'),
(1793, 'にんにく焼きそば ', '557.0', '14.3', '25.2', '4.7', '3.7'),
(1794, '辛子マヨネーズ焼きそば ', '607.0', '16.0', '26.7', '4.4', '4.4'),
(1795, '醤油焼きそば ', '580.0', '15.3', '25.2', '4.7', '3.4'),
(1796, '焼きそばペペロンチーノ ', '580.0', '15.7', '16.4', '10.7', '2.1'),
(1797, '塩昆布焼きそば ', '447.0', '11.4', '14.8', '6.5', '3.3'),
(1798, 'レモン焼きそば ', '550.0', '13.2', '25.1', '4.5', '2.6'),
(1799, '豚キムチ焼きそば ', '561.0', '15.3', '24.3', '5.7', '1.8'),
(1800, '柚子胡椒焼きそば ', '563.0', '14.4', '25.5', '6.4', '4.8'),
(1801, '豚キムチチャーハン ', '797.0', '19.8', '32.5', '2.6', '2.0'),
(1802, '明太子チャーハン ', '671.0', '20.3', '20.7', '1.3', '2.2'),
(1803, '柚子胡椒チャーハン ', '542.0', '17.8', '7.3', '2.1', '3.5'),
(1804, '麻婆うどん ', '680.0', '30.5', '32.6', '2.5', '4.5'),
(1805, '麻婆そうめん ', '782.0', '33.9', '32.7', '3.1', '4.4'),
(1806, '麻婆そば ', '734.0', '37.0', '33.5', '4.6', '4.1'),
(1807, 'ツナ大根おろしパスタ ', '663.0', '28.3', '26.2', '4.8', '3.6'),
(1808, '塩昆布パスタ ', '511.0', '16.7', '14.6', '7.1', '3.7'),
(1809, '塩昆布チャーハン ', '574.0', '8.0', '15.8', '2.4', '2.8'),
(1810, 'チーズリゾット ', '405.0', '16.5', '19.9', '1.9', '4.4'),
(1811, 'きのこリゾット ', '404.0', '18.3', '20.1', '3.5', '3.3'),
(1812, '焼きおにぎりリゾット ', '340.0', '13.2', '12.5', '0.3', '1.5'),
(1813, '牛乳リゾット ', '346.0', '10.9', '13.1', '0.8', '2.4'),
(1814, 'ビーフシチューリゾット ', '722.0', '27.2', '39.9', '2.8', '2.3'),
(1815, 'シチューリゾット ', '389.0', '12.2', '15.1', '2.5', '1.9'),
(1816, 'カレーリゾット ', '553.0', '22.5', '28.7', '2.4', '2.2'),
(1817, 'カレーチーズリゾット ', '646.0', '29.3', '35.2', '2.4', '3.0'),
(1818, 'コーンスープリゾット ', '382.0', '10.4', '10.3', '2.8', '2.3'),
(1819, 'ポタージュリゾット ', '307.0', '7.9', '9.2', '1.4', '2.3'),
(1820, 'ミートソースリゾット ', '268.0', '9.4', '6.4', '1.2', '2.1'),
(1821, 'クラムチャウダーリゾット ', '540.0', '15.8', '24.0', '2.7', '3.9'),
(1822, 'あさりリゾット ', '184.0', '7.8', '0.6', '0.7', '3.9'),
(1823, 'ハマグリリゾット ', '208.0', '10.9', '1.0', '0.7', '4.8'),
(1824, '卵リゾット ', '296.0', '16.1', '9.7', '0.2', '3.3'),
(1825, '卵チーズリゾット ', '540.0', '27.6', '29.2', '1.9', '4.8'),
(1826, 'ケチャップリゾット ', '313.0', '12.0', '9.5', '1.2', '2.1'),
(1827, 'オムライスリゾット ', '588.0', '27.1', '29.9', '1.5', '4.9'),
(1828, '鮭リゾット ', '579.0', '25.0', '29.9', '2.1', '3.8'),
(1829, 'シーフードリゾット ', '293.0', '23.8', '5.4', '0.7', '3.8'),
(1830, '納豆リゾット ', '379.0', '19.5', '13.9', '3.6', '3.1'),
(1831, '生姜リゾット ', '164.0', '5.4', '0.5', '0.8', '3.0'),
(1832, 'ヨーグルトリゾット ', '239.0', '8.3', '5.5', '0.9', '2.6'),
(1833, 'いちごリゾット ', '272.0', '6.8', '9.1', '1.4', '3.4');
INSERT INTO `t_items_template` (`f_item_id`, `f_item_name`, `f_item_calorie`, `f_item_protein_vol`, `f_item_lipid_vol`, `f_item_dietary_fiber_vol`, `f_item_salt_vol`) VALUES
(1834, 'りんごリゾット ', '480.0', '11.2', '22.3', '1.9', '3.5'),
(1835, 'ガーリックリゾット ', '288.0', '13.8', '8.7', '1.0', '4.4'),
(1836, 'エビリゾット ', '495.0', '26.2', '20.3', '2.1', '4.2'),
(1837, 'イカリゾット ', '260.0', '17.6', '4.1', '0.7', '3.6'),
(1838, 'ホタルイカリゾット ', '257.0', '13.8', '5.4', '0.7', '3.5'),
(1839, 'カニリゾット ', '441.0', '14.4', '19.9', '1.1', '4.0'),
(1840, 'レモンリゾット ', '291.0', '6.9', '11.5', '0.8', '1.8'),
(1841, 'キムチリゾット ', '300.0', '9.1', '10.7', '1.0', '1.7'),
(1842, 'キムチチーズリゾット ', '376.0', '14.5', '16.3', '1.0', '2.3'),
(1843, 'オレンジリゾット ', '333.0', '6.3', '11.6', '0.9', '1.3'),
(1844, 'チーズトーストはちみつ ', '281.0', '9.7', '7.3', '1.4', '1.3'),
(1845, 'チーズトーストマヨネーズ ', '303.0', '9.9', '16.4', '1.4', '1.5'),
(1846, 'チーズトーストバター ', '294.0', '9.7', '15.4', '1.4', '1.5'),
(1847, '牛ひき肉のボロネーゼ ', '690.0', '31.1', '21.0', '7.1', '6.1'),
(1848, 'きのこの卵とじ ', '103.0', '8.7', '5.0', '2.9', '1.5'),
(1849, 'ほうれん草卵焼き ', '317.0', '15.0', '24.4', '0.3', '2.5'),
(1850, 'ニラ卵焼き ', '318.0', '15.1', '24.4', '0.5', '2.5'),
(1851, 'ネギ卵焼き ', '324.0', '14.9', '24.4', '0.6', '2.5'),
(1852, '枝豆卵焼き ', '342.0', '17.1', '25.6', '1.0', '2.5'),
(1853, '鮭フレーク卵焼き ', '350.0', '18.0', '25.7', '0.2', '2.3'),
(1854, 'じゃがいも卵焼き ', '339.0', '15.4', '25.8', '0.2', '1.6'),
(1855, 'オクラ卵焼き ', '321.0', '15.1', '24.4', '0.9', '2.5'),
(1856, 'トマト卵焼き ', '326.0', '15.2', '24.4', '0.6', '2.5'),
(1857, 'きんぴら卵焼き ', '352.0', '15.2', '25.5', '1.1', '1.7'),
(1858, 'コンビーフチャーハン ', '789.0', '25.3', '28.5', '1.2', '8.2'),
(1859, 'コンビーフカレー ', '711.0', '18.1', '20.2', '2.2', '3.0'),
(1860, 'コンビーフトースト ', '399.0', '12.4', '25.1', '1.4', '2.1'),
(1861, 'コンビーフチーズトースト ', '460.0', '16.5', '29.8', '1.4', '2.6'),
(1862, 'コンビーフおにぎり ', '266.0', '5.5', '6.2', '0.7', '1.3'),
(1863, 'ポテトサラダトースト ', '332.0', '10.7', '17.6', '1.7', '1.7'),
(1864, 'カレートースト ', '354.0', '11.7', '19.2', '2.0', '2.0'),
(1865, 'ポテサラパン ', '170.0', '5.2', '4.1', '1.3', '0.9'),
(1866, 'カレーグラタン ', '318.0', '12.1', '15.0', '2.3', '2.2'),
(1867, 'アボカドエビグラタン ', '282.0', '16.5', '22.5', '2.1', '1.5'),
(1868, 'きのこシチュー ', '235.0', '10.5', '15.6', '4.7', '1.8'),
(1869, 'さつまいもシチュー ', '256.0', '8.0', '15.2', '1.9', '1.7'),
(1870, 'シーフードシチュー ', '307.0', '31.3', '14.2', '0.8', '3.2'),
(1871, '鮭シチュー ', '261.0', '15.5', '15.1', '1.8', '1.8'),
(1872, '鶏肉とブロッコリーのシチュー ', '297.0', '13.2', '19.9', '2.6', '1.8'),
(1873, 'デミグラスソースオムライス ', '920.0', '28.7', '40.3', '1.5', '3.0'),
(1874, 'ホワイトソースオムライス ', '924.0', '28.9', '40.2', '1.4', '3.0'),
(1875, '唐揚げ定食 ', '897.0', '30.9', '41.5', '3.2', '4.7'),
(1876, 'とんかつ定食 ', '914.0', '30.0', '37.9', '3.9', '5.7'),
(1877, '生姜焼き定食 ', '766.0', '29.0', '26.3', '3.2', '5.4'),
(1878, 'チキン南蛮定食 ', '928.0', '31.8', '47.8', '3.5', '4.8'),
(1879, 'カキフライ定食 ', '787.0', '20.1', '26.0', '4.1', '6.1'),
(1880, '唐揚げ弁当 ', '760.0', '24.2', '33.4', '1.6', '3.1'),
(1881, '野菜炒め定食 ', '549.0', '10.6', '12.0', '7.6', '3.6'),
(1882, '肉野菜炒め定食 ', '856.0', '20.1', '42.3', '5.5', '4.4'),
(1883, 'お好み焼き定食 ', '911.0', '26.7', '23.9', '5.7', '3.3'),
(1884, 'ぶりの照り焼き定食 ', '703.0', '27.1', '18.1', '5.2', '6.1'),
(1885, 'アジフライ定食 ', '860.0', '40.5', '30.1', '3.8', '6.4'),
(1886, '酢豚定食 ', '634.0', '23.9', '14.5', '4.6', '5.8'),
(1887, 'レバニラ定食 ', '571.0', '23.6', '11.7', '4.2', '7.1'),
(1888, 'チンジャオロース定食 ', '713.0', '27.0', '26.8', '4.1', '5.8'),
(1889, 'さばの味噌煮定食 ', '804.0', '39.6', '28.8', '2.2', '3.6'),
(1890, '麻婆豆腐定食 ', '734.0', '30.8', '27.1', '3.3', '8.1'),
(1891, '豆腐の味噌汁 ', '53.0', '3.6', '1.6', '0.8', '0.9'),
(1892, 'カマンベール味噌汁 ', '134.0', '8.0', '8.6', '0.7', '1.6'),
(1893, '味噌汁 ', '31.0', '1.6', '0.4', '0.7', '0.9'),
(1894, 'さんま定食 ', '572.0', '19.5', '18.0', '1.8', '4.8'),
(1895, '鶏肉フォー ', '426.0', '22.1', '15.0', '2.6', '0.5'),
(1896, '牛肉フォー ', '408.0', '27.0', '10.6', '2.6', '0.5'),
(1897, '海鮮フォー ', '285.0', '19.0', '1.4', '2.6', '2.4'),
(1898, '酸辣湯麺 ', '628.0', '29.7', '13.4', '5.4', '6.2'),
(1899, 'チキンカツ丼 ', '949.0', '37.3', '35.5', '1.4', '1.4'),
(1900, 'チャーシュー丼 ', '626.0', '22.2', '6.6', '1.6', '5.0'),
(1901, '酢イカ ', '245.0', '40.4', '3.2', '0.2', '2.0'),
(1902, '棒棒鶏 ', '400.0', '28.7', '25.8', '3.1', '2.1'),
(1903, '担々麺 ', '796.0', '34.3', '35.1', '8.2', '6.1'),
(1904, 'どて煮丼 ', '711.0', '47.4', '8.2', '4.7', '1.1'),
(1905, '小倉パフェ ', '525.0', '9.2', '20.2', '3.4', '0.9'),
(1906, 'カヌレ ', '184.0', '3.1', '7.2', '0.1', '0.1'),
(1907, 'とろろ ', '75.0', '2.8', '0.1', '1.5', '1.4'),
(1908, 'キーマカレー ', '711.0', '18.6', '18.2', '2.7', '2.3'),
(1909, 'ざるラーメン ', '440.0', '15.7', '2.4', '3.0', '7.1'),
(1910, 'もりそば ', '361.0', '15.8', '1.8', '3.9', '5.2'),
(1911, '豚キムチ丼 ', '999.9', '26.1', '48.0', '6.8', '2.3'),
(1912, 'もやしラーメン ', '454.0', '18.7', '8.5', '4.9', '6.6'),
(1913, 'さわらの味噌煮 ', '287.0', '19.7', '8.9', '2.0', '2.4'),
(1914, 'さばのみりん干し ', '267.0', '21.8', '12.7', '0.3', '3.0'),
(1915, '豚しゃぶ ', '479.0', '32.7', '29.1', '5.8', '1.6'),
(1916, 'しゃぶしゃぶ ', '445.0', '30.6', '26.3', '5.8', '1.6'),
(1917, 'ラムしゃぶ ', '412.0', '32.2', '21.9', '5.8', '1.8'),
(1918, '石狩鍋 ', '297.0', '27.3', '7.8', '5.6', '2.5'),
(1919, 'サルサソース ', '15.0', '0.5', '0.1', '0.7', '0.1'),
(1920, 'エビ餃子 ', '330.0', '18.2', '14.8', '1.5', '1.7'),
(1921, '酢キャベツ ', '25.0', '1.0', '0.2', '1.4', '2.0'),
(1922, 'メンチカツサンド ', '386.0', '11.7', '18.9', '2.2', '3.9'),
(1923, '天ざるそば ', '532.0', '27.7', '11.2', '5.1', '5.4'),
(1924, 'クルトン ', '156.0', '4.2', '6.0', '1.0', '0.6'),
(1925, 'チキンカツサンド ', '458.0', '28.7', '20.5', '1.6', '2.8'),
(1926, '天せいろ ', '531.0', '27.3', '11.2', '4.7', '5.4'),
(1927, 'おからコロッケ ', '305.0', '10.1', '20.8', '6.5', '1.1'),
(1928, 'チーズコロッケ ', '213.0', '4.1', '12.2', '1.3', '1.2'),
(1929, '冷やしたぬきうどん ', '373.0', '10.6', '5.3', '2.0', '6.4'),
(1930, '卵の天ぷら ', '235.0', '8.3', '16.0', '0.3', '0.2'),
(1931, '麻辣豆腐 ', '241.0', '11.6', '16.5', '1.4', '3.8'),
(1932, '麻辣鍋 ', '192.0', '18.7', '6.0', '3.5', '4.0'),
(1933, 'ローストビーフサンド ', '306.0', '12.6', '19.8', '1.0', '1.3'),
(1934, '回鍋肉定食 ', '641.0', '18.2', '22.9', '3.6', '6.4'),
(1935, '揚げ餃子 ', '45.0', '1.6', '2.5', '0.2', '0.1'),
(1936, '餃子定食 ', '723.0', '21.6', '21.9', '3.4', '7.5'),
(1937, 'おからハンバーグ ', '257.0', '19.1', '13.0', '9.0', '2.2'),
(1938, 'チョコクロワッサン ', '209.0', '3.9', '11.5', '0.9', '0.6'),
(1939, 'アーモンドクロワッサン ', '287.0', '5.0', '18.3', '1.6', '0.6'),
(1940, 'バターチキンカレー ', '923.0', '31.5', '33.0', '5.8', '3.7'),
(1941, '豆腐ドーナツ ', '167.0', '2.9', '7.3', '0.5', '0.1'),
(1942, '抹茶クロワッサン ', '216.0', '4.0', '13.7', '1.4', '0.6'),
(1943, 'ウインナークロワッサン ', '317.0', '6.1', '22.9', '0.7', '1.3'),
(1944, 'カプレーゼ ', '124.0', '5.3', '9.1', '1.0', '1.0'),
(1945, 'パンオショコラ ', '181.0', '3.7', '6.1', '1.2', '0.5'),
(1946, 'たまごドーナツ ', '108.0', '2.1', '5.4', '0.3', '0.2'),
(1947, 'ウインナーパン ', '260.0', '8.6', '11.5', '1.1', '1.1'),
(1948, 'バターどら焼き ', '247.0', '4.1', '11.3', '1.5', '0.3'),
(1949, 'チョコメロンパン ', '283.0', '6.8', '6.5', '2.0', '0.4'),
(1950, '揚げシュウマイ ', '71.0', '2.9', '5.0', '0.2', '0.3'),
(1951, 'はんぺんフライ ', '410.0', '20.5', '26.8', '0.3', '2.5'),
(1952, 'ローストビーフ丼 ', '999.9', '61.2', '31.3', '3.1', '6.9'),
(1953, 'ベーコンエッグトースト ', '464.0', '16.3', '30.7', '1.4', '3.9'),
(1954, 'カクテキ ', '38.0', '0.9', '0.9', '1.3', '3.3'),
(1955, 'チーズドック ', '521.0', '14.8', '28.4', '1.6', '1.9'),
(1956, 'ミルクフランス ', '393.0', '7.4', '17.1', '1.5', '1.1'),
(1957, 'ベーコンポテトパイ ', '548.0', '8.0', '36.0', '2.7', '1.4'),
(1958, 'スフォリアテッラ ', '532.0', '10.0', '27.0', '1.6', '1.0'),
(1959, 'チーズフォンデュパン ', '373.0', '17.2', '14.1', '2.1', '2.2'),
(1960, 'ベーコンエピ ', '537.0', '14.5', '18.0', '3.1', '2.6'),
(1961, 'ずんだ大福 ', '200.0', '4.7', '1.7', '1.4', '0.3'),
(1962, '刺身定食 ', '636.0', '42.3', '10.0', '2.9', '5.3'),
(1963, 'エビフライ定食 ', '754.0', '31.5', '21.3', '3.5', '4.5'),
(1964, 'ハンバーグ定食 ', '999.9', '47.3', '46.2', '5.1', '8.2'),
(1965, 'ステーキ定食 ', '999.9', '44.8', '57.9', '3.2', '6.2'),
(1966, '照り焼きチキン定食 ', '956.0', '49.1', '39.2', '3.2', '4.0'),
(1967, 'トンテキ定食 ', '915.0', '39.3', '37.6', '4.4', '5.9'),
(1968, 'メンチカツ定食 ', '792.0', '22.5', '26.0', '5.1', '7.1'),
(1969, 'おにぎり定食 ', '569.0', '16.9', '11.6', '3.3', '5.8'),
(1970, '焼き鯖定食 ', '620.0', '32.2', '15.5', '2.6', '4.4'),
(1971, '納豆定食 ', '573.0', '24.7', '12.3', '6.4', '3.3'),
(1972, '豚の角煮定食 ', '960.0', '30.8', '42.9', '3.9', '5.2'),
(1973, 'うに寿司 ', '48.0', '2.4', '0.7', '0.3', '0.4'),
(1974, 'イカ寿司 ', '53.0', '4.2', '0.4', '0.0', '0.5'),
(1975, '鶏そぼろ丼 ', '667.0', '28.9', '9.1', '0.8', '2.8'),
(1976, 'コロッケ定食 ', '836.0', '20.3', '27.1', '5.6', '4.7'),
(1977, 'ジャージャー麵 ', '651.0', '23.4', '23.9', '5.3', '8.6');

-- --------------------------------------------------------

--
-- テーブルの構造 `t_item_allergens`
--

CREATE TABLE `t_item_allergens` (
  `f_item_id` int(11) NOT NULL,
  `f_item_allergen_wheat` tinyint(1) NOT NULL DEFAULT 0,
  `f_item_allergen_egg` tinyint(1) NOT NULL DEFAULT 0,
  `f_item_allergen_milk` tinyint(1) NOT NULL DEFAULT 0,
  `f_item_allergen_soba` tinyint(1) NOT NULL DEFAULT 0,
  `f_item_allergen_shrimp` tinyint(1) NOT NULL DEFAULT 0,
  `f_item_allergen_crab` tinyint(1) NOT NULL DEFAULT 0,
  `f_item_allergen_peanut` tinyint(1) NOT NULL DEFAULT 0,
  `f_item_allergen_pork` tinyint(1) NOT NULL DEFAULT 0,
  `f_item_allergen_chicken` tinyint(1) NOT NULL DEFAULT 0,
  `f_item_allergen_beef` tinyint(1) NOT NULL DEFAULT 0,
  `f_item_allergen_salmon` tinyint(1) NOT NULL DEFAULT 0,
  `f_item_allergen_mackerel` tinyint(1) NOT NULL DEFAULT 0,
  `f_item_allergen_soy` tinyint(1) NOT NULL DEFAULT 0,
  `f_item_allergen_squid` tinyint(1) NOT NULL DEFAULT 0,
  `f_item_allergen_yamaimo` tinyint(1) NOT NULL DEFAULT 0,
  `f_item_allergen_orange` tinyint(1) NOT NULL DEFAULT 0,
  `f_item_allergen_sesame` tinyint(1) NOT NULL DEFAULT 0,
  `f_item_allergen_cashew_nuts` tinyint(1) NOT NULL DEFAULT 0,
  `f_item_allergen_abalone` tinyint(1) NOT NULL DEFAULT 0,
  `f_item_allergen_ikura` tinyint(1) NOT NULL DEFAULT 0,
  `f_item_allergen_kiwi` tinyint(1) NOT NULL DEFAULT 0,
  `f_item_allergen_banana` tinyint(1) NOT NULL DEFAULT 0,
  `f_item_allergen_peaches` tinyint(1) NOT NULL DEFAULT 0,
  `f_item_allergen_apple` tinyint(1) NOT NULL DEFAULT 0,
  `f_item_allergen_walnut` tinyint(1) NOT NULL DEFAULT 0,
  `f_item_allergen_matsutake` tinyint(1) NOT NULL DEFAULT 0,
  `f_item_allergen_gelatin` tinyint(1) NOT NULL DEFAULT 0,
  `f_item_allergen_almond` tinyint(1) NOT NULL DEFAULT 0
) ENGINE=InnoDB DEFAULT CHARSET=utf8mb4;

--
-- テーブルのデータのダンプ `t_item_allergens`
--

INSERT INTO `t_item_allergens` (`f_item_id`, `f_item_allergen_wheat`, `f_item_allergen_egg`, `f_item_allergen_milk`, `f_item_allergen_soba`, `f_item_allergen_shrimp`, `f_item_allergen_crab`, `f_item_allergen_peanut`, `f_item_allergen_pork`, `f_item_allergen_chicken`, `f_item_allergen_beef`, `f_item_allergen_salmon`, `f_item_allergen_mackerel`, `f_item_allergen_soy`, `f_item_allergen_squid`, `f_item_allergen_yamaimo`, `f_item_allergen_orange`, `f_item_allergen_sesame`, `f_item_allergen_cashew_nuts`, `f_item_allergen_abalone`, `f_item_allergen_ikura`, `f_item_allergen_kiwi`, `f_item_allergen_banana`, `f_item_allergen_peaches`, `f_item_allergen_apple`, `f_item_allergen_walnut`, `f_item_allergen_matsutake`, `f_item_allergen_gelatin`, `f_item_allergen_almond`) VALUES
(1, 1, 0, 0, 0, 0, 0, 0, 0, 0, 0, 0, 0, 0, 0, 0, 0, 0, 0, 0, 0, 0, 0, 0, 0, 0, 0, 1, 0),
(2, 1, 1, 1, 0, 0, 0, 0, 1, 1, 1, 0, 0, 0, 0, 0, 0, 0, 0, 0, 0, 0, 0, 0, 0, 0, 0, 0, 0),
(3, 1, 1, 1, 0, 0, 0, 0, 1, 0, 0, 0, 0, 0, 0, 0, 0, 0, 0, 0, 0, 0, 0, 0, 0, 0, 0, 0, 0),
(4, 1, 0, 0, 0, 0, 1, 0, 1, 0, 0, 0, 0, 0, 0, 0, 0, 1, 0, 0, 0, 0, 0, 0, 0, 0, 0, 0, 0),
(5, 1, 0, 0, 0, 0, 0, 0, 0, 1, 0, 0, 0, 0, 0, 0, 0, 0, 0, 0, 0, 0, 0, 0, 0, 0, 0, 0, 0),
(6, 1, 0, 0, 0, 0, 0, 0, 0, 1, 0, 0, 0, 0, 0, 0, 0, 0, 0, 0, 0, 0, 0, 0, 0, 0, 0, 0, 0),
(7, 0, 0, 0, 0, 0, 0, 0, 0, 0, 0, 0, 0, 0, 0, 0, 0, 0, 0, 0, 0, 0, 0, 0, 0, 0, 0, 0, 0),
(8, 0, 0, 0, 0, 0, 0, 0, 0, 0, 0, 0, 0, 0, 0, 0, 0, 0, 0, 0, 0, 0, 0, 0, 0, 0, 0, 0, 0),
(9, 0, 1, 1, 0, 0, 0, 0, 0, 0, 0, 0, 0, 0, 0, 0, 0, 0, 0, 0, 0, 0, 0, 0, 0, 0, 0, 0, 0),
(10, 1, 1, 1, 0, 0, 0, 0, 0, 0, 0, 0, 0, 0, 0, 0, 0, 0, 0, 0, 0, 0, 0, 0, 0, 0, 0, 0, 0),
(11, 1, 1, 1, 0, 0, 0, 0, 0, 0, 0, 0, 0, 0, 0, 0, 0, 0, 0, 0, 0, 0, 0, 0, 0, 0, 0, 0, 0),
(12, 1, 1, 0, 0, 1, 0, 0, 1, 1, 0, 0, 0, 0, 0, 0, 0, 1, 0, 0, 0, 0, 0, 0, 0, 0, 0, 0, 0),
(13, 1, 0, 0, 0, 0, 0, 0, 0, 1, 0, 0, 0, 0, 0, 0, 0, 0, 0, 0, 0, 0, 0, 0, 0, 0, 0, 0, 0),
(14, 1, 0, 0, 0, 0, 0, 0, 0, 0, 0, 0, 0, 0, 0, 0, 0, 0, 0, 0, 0, 0, 0, 0, 0, 0, 0, 0, 0),
(15, 0, 0, 0, 0, 0, 0, 0, 0, 0, 0, 0, 0, 0, 0, 0, 0, 0, 0, 0, 0, 0, 0, 0, 0, 0, 0, 0, 0),
(16, 0, 0, 0, 0, 0, 0, 0, 0, 0, 0, 0, 0, 0, 0, 0, 0, 0, 0, 0, 0, 0, 0, 0, 0, 0, 0, 0, 1),
(17, 1, 1, 1, 0, 0, 0, 1, 0, 0, 0, 0, 0, 0, 0, 0, 0, 0, 1, 0, 0, 0, 0, 0, 0, 0, 0, 0, 1),
(18, 0, 0, 1, 0, 0, 0, 1, 0, 0, 0, 0, 0, 0, 0, 0, 0, 0, 0, 0, 0, 0, 0, 0, 0, 0, 0, 0, 0),
(19, 1, 0, 0, 0, 0, 0, 0, 0, 0, 0, 0, 0, 0, 0, 0, 0, 0, 0, 0, 0, 0, 0, 0, 0, 0, 0, 0, 0),
(20, 0, 0, 0, 0, 0, 0, 0, 0, 0, 0, 0, 0, 0, 0, 0, 0, 0, 0, 0, 0, 0, 0, 0, 0, 0, 0, 0, 0),
(21, 0, 1, 1, 0, 0, 0, 0, 0, 0, 0, 0, 0, 0, 0, 0, 0, 0, 0, 0, 0, 0, 0, 0, 0, 0, 0, 0, 0),
(22, 0, 0, 1, 0, 0, 0, 0, 0, 0, 0, 0, 0, 0, 0, 0, 0, 0, 0, 0, 0, 0, 0, 0, 0, 0, 0, 0, 0),
(23, 0, 0, 0, 0, 0, 0, 0, 0, 0, 0, 0, 0, 0, 0, 0, 0, 0, 0, 0, 0, 0, 0, 0, 0, 0, 0, 0, 0),
(24, 0, 0, 0, 0, 0, 0, 0, 0, 0, 0, 0, 0, 0, 0, 0, 0, 0, 0, 0, 0, 0, 0, 0, 0, 0, 0, 0, 0),
(25, 0, 0, 0, 0, 0, 0, 0, 0, 0, 0, 0, 0, 0, 0, 0, 0, 0, 0, 0, 0, 0, 0, 0, 0, 0, 0, 0, 0),
(26, 0, 0, 0, 0, 0, 0, 0, 0, 1, 0, 0, 0, 0, 0, 0, 0, 0, 0, 0, 0, 0, 0, 0, 0, 0, 0, 0, 0),
(27, 0, 0, 0, 0, 1, 1, 0, 0, 0, 0, 0, 0, 0, 0, 0, 0, 0, 0, 1, 1, 0, 0, 0, 0, 0, 0, 0, 0),
(28, 1, 1, 0, 0, 1, 1, 0, 1, 1, 0, 0, 0, 0, 0, 0, 0, 0, 0, 0, 0, 0, 0, 0, 0, 0, 0, 0, 0),
(29, 0, 0, 0, 0, 0, 0, 0, 1, 1, 1, 0, 0, 0, 0, 0, 0, 1, 0, 0, 0, 0, 0, 0, 0, 0, 0, 0, 0),
(30, 0, 0, 0, 0, 1, 1, 0, 1, 1, 1, 0, 0, 0, 0, 0, 0, 0, 0, 0, 0, 0, 0, 0, 0, 0, 0, 0, 0),
(31, 1, 1, 1, 0, 0, 0, 0, 0, 0, 0, 0, 0, 0, 0, 0, 0, 0, 0, 0, 0, 0, 0, 0, 0, 0, 0, 0, 0),
(32, 1, 1, 0, 0, 1, 0, 0, 0, 0, 0, 0, 0, 0, 0, 0, 0, 0, 0, 0, 0, 0, 0, 0, 0, 0, 0, 0, 0),
(33, 1, 0, 0, 0, 0, 0, 0, 0, 0, 0, 1, 0, 1, 0, 0, 0, 0, 0, 0, 0, 0, 0, 0, 0, 0, 0, 0, 0),
(34, 1, 0, 0, 0, 1, 1, 0, 0, 0, 0, 0, 0, 0, 0, 0, 0, 0, 0, 0, 0, 0, 0, 0, 0, 0, 0, 0, 0),
(35, 0, 0, 0, 0, 0, 0, 0, 1, 0, 1, 0, 0, 1, 0, 0, 0, 1, 0, 0, 0, 0, 0, 0, 0, 0, 0, 0, 0),
(36, 1, 0, 0, 0, 1, 0, 0, 1, 0, 0, 0, 0, 0, 0, 0, 0, 0, 0, 0, 0, 0, 0, 0, 0, 0, 0, 0, 0),
(37, 1, 1, 1, 0, 0, 0, 0, 1, 0, 0, 0, 0, 1, 0, 0, 0, 0, 0, 0, 0, 0, 0, 0, 0, 0, 0, 0, 0),
(38, 1, 1, 1, 0, 0, 0, 0, 1, 0, 0, 0, 0, 0, 0, 0, 0, 0, 0, 0, 0, 0, 0, 0, 0, 0, 0, 0, 0),
(39, 1, 0, 0, 0, 1, 1, 0, 0, 0, 0, 0, 0, 0, 0, 0, 0, 0, 0, 0, 0, 0, 0, 0, 0, 0, 0, 0, 0),
(40, 0, 1, 0, 0, 0, 0, 0, 0, 0, 1, 0, 0, 1, 0, 0, 0, 0, 0, 0, 0, 0, 0, 0, 0, 0, 0, 0, 0),
(41, 0, 1, 0, 1, 1, 1, 1, 0, 0, 1, 0, 0, 0, 1, 0, 0, 1, 0, 0, 0, 0, 0, 0, 0, 0, 0, 0, 0),
(42, 0, 0, 0, 0, 0, 0, 0, 0, 0, 1, 0, 0, 0, 0, 0, 0, 0, 0, 0, 0, 0, 0, 0, 0, 0, 0, 0, 0),
(43, 1, 1, 1, 0, 0, 0, 1, 1, 0, 0, 0, 0, 1, 0, 0, 0, 0, 0, 0, 0, 0, 0, 0, 0, 0, 0, 0, 0),
(44, 0, 0, 0, 0, 0, 0, 0, 1, 0, 0, 0, 0, 0, 0, 0, 0, 0, 0, 0, 0, 0, 0, 0, 0, 0, 0, 0, 0),
(45, 1, 0, 0, 0, 0, 0, 0, 0, 0, 0, 0, 0, 1, 0, 0, 0, 0, 0, 0, 0, 0, 0, 0, 0, 0, 0, 0, 0),
(46, 0, 0, 0, 0, 0, 0, 0, 0, 0, 0, 0, 0, 1, 0, 0, 0, 1, 0, 0, 0, 0, 0, 0, 0, 0, 0, 0, 0),
(47, 0, 0, 0, 0, 0, 0, 0, 0, 1, 0, 0, 0, 1, 0, 0, 0, 0, 0, 0, 0, 0, 0, 0, 0, 0, 0, 0, 0),
(48, 0, 0, 0, 0, 0, 0, 0, 0, 0, 0, 0, 0, 0, 0, 0, 0, 0, 0, 0, 0, 0, 0, 0, 0, 0, 0, 0, 0),
(49, 1, 0, 0, 0, 0, 0, 0, 0, 0, 0, 0, 0, 0, 0, 0, 0, 0, 0, 0, 0, 0, 0, 0, 0, 1, 0, 0, 0),
(50, 1, 1, 1, 0, 0, 0, 0, 0, 0, 0, 0, 0, 0, 0, 0, 0, 0, 0, 0, 0, 0, 0, 0, 0, 0, 0, 0, 0),
(51, 1, 0, 1, 0, 1, 0, 0, 0, 0, 0, 0, 0, 0, 0, 0, 0, 0, 0, 0, 0, 0, 0, 0, 0, 0, 0, 0, 0),
(52, 1, 1, 1, 0, 0, 0, 0, 0, 0, 0, 0, 0, 1, 0, 0, 0, 0, 0, 0, 0, 0, 0, 0, 0, 0, 0, 0, 0),
(53, 0, 0, 0, 0, 0, 0, 0, 0, 0, 0, 0, 0, 0, 0, 0, 0, 1, 0, 0, 0, 0, 0, 0, 0, 0, 0, 0, 0),
(54, 1, 0, 0, 0, 0, 0, 0, 0, 0, 0, 0, 0, 0, 0, 0, 0, 0, 0, 0, 0, 0, 0, 0, 0, 0, 0, 0, 0),
(55, 0, 1, 0, 0, 0, 0, 0, 0, 0, 0, 0, 0, 1, 0, 0, 0, 0, 0, 0, 0, 0, 0, 0, 0, 0, 0, 0, 0),
(56, 0, 0, 0, 0, 0, 0, 0, 0, 0, 0, 0, 0, 0, 0, 0, 0, 0, 0, 0, 0, 0, 0, 0, 0, 0, 0, 0, 0);

-- --------------------------------------------------------

--
-- テーブルの構造 `t_item_genre`
--

CREATE TABLE `t_item_genre` (
  `f_item_genre_id` int(11) NOT NULL,
  `f_item_genre_name` varchar(31) NOT NULL
) ENGINE=InnoDB DEFAULT CHARSET=utf8mb4;

--
-- テーブルのデータのダンプ `t_item_genre`
--

INSERT INTO `t_item_genre` (`f_item_genre_id`, `f_item_genre_name`) VALUES
(1, '朝食'),
(2, '昼食'),
(3, '夕食'),
(4, '肉'),
(5, '魚介'),
(6, '野菜'),
(7, '卵'),
(8, 'ご飯'),
(9, 'パン'),
(10, '麺'),
(11, 'スープ'),
(12, '鍋'),
(13, '揚げ物'),
(14, 'デザート'),
(15, '和食'),
(16, '洋食'),
(17, '中華'),
(18, '弁当'),
(19, 'ダイエット');

-- --------------------------------------------------------

--
-- テーブルの構造 `t_item_review`
--

CREATE TABLE `t_item_review` (
  `f_review_date` datetime NOT NULL,
  `f_item_id` int(11) NOT NULL,
  `f_user_id` int(11) NOT NULL,
  `f_review_point` int(11) NOT NULL,
  `f_review` varchar(255) DEFAULT NULL
) ENGINE=InnoDB DEFAULT CHARSET=utf8mb4;

--
-- テーブルのデータのダンプ `t_item_review`
--

INSERT INTO `t_item_review` (`f_review_date`, `f_item_id`, `f_user_id`, `f_review_point`, `f_review`) VALUES
('2023-05-17 09:50:36', 1, 1, 3, 'テストレビューです。'),
('2023-05-17 10:01:46', 1, 1, 4, 'テストレビュー01です。'),
('2023-05-17 10:01:56', 1, 1, 5, 'テストレビュー02です。'),
('2023-05-17 10:02:06', 1, 1, 0, 'テストレビュー03です。');

-- --------------------------------------------------------

--
-- テーブルの構造 `t_item_types`
--

CREATE TABLE `t_item_types` (
  `f_item_id` int(11) NOT NULL,
  `f_item_genre_id` int(11) NOT NULL
) ENGINE=InnoDB DEFAULT CHARSET=utf8mb4;

--
-- テーブルのデータのダンプ `t_item_types`
--

INSERT INTO `t_item_types` (`f_item_id`, `f_item_genre_id`) VALUES
(1, 2),
(1, 4),
(1, 8),
(1, 15),
(2, 3),
(2, 4),
(2, 16),
(3, 3),
(3, 4),
(3, 13),
(3, 16),
(4, 3),
(4, 4),
(5, 3),
(5, 4),
(5, 13),
(5, 15),
(6, 3),
(6, 4),
(6, 15),
(7, 1),
(7, 5),
(7, 15),
(8, 3),
(8, 5),
(8, 15),
(9, 1),
(9, 7),
(9, 16),
(10, 1),
(10, 9),
(10, 16),
(11, 1),
(11, 9),
(11, 16),
(12, 3),
(12, 10),
(12, 15),
(13, 3),
(13, 4),
(13, 16),
(14, 2),
(14, 10),
(14, 16),
(15, 3),
(15, 6),
(16, 6),
(17, 14),
(18, 14),
(19, 10),
(19, 15),
(20, 8),
(21, 6),
(22, 6),
(23, 1),
(23, 11),
(23, 15),
(24, 11),
(25, 6),
(26, 4),
(27, 5),
(27, 8),
(27, 15),
(28, 8),
(28, 17),
(29, 3),
(29, 4),
(29, 12),
(29, 15),
(30, 12),
(31, 3),
(31, 4),
(32, 3),
(32, 5),
(32, 15),
(33, 1),
(33, 5),
(33, 15),
(34, 3),
(34, 5),
(34, 16),
(35, 3),
(35, 17),
(36, 2),
(36, 3),
(36, 4),
(36, 17),
(37, 3),
(37, 16),
(38, 2),
(38, 10),
(38, 16),
(39, 3),
(39, 13),
(40, 3),
(40, 4),
(40, 6),
(40, 12),
(40, 15),
(41, 2),
(41, 3),
(41, 8),
(42, 3),
(42, 4),
(43, 2),
(43, 4),
(43, 16),
(44, 19),
(45, 2),
(45, 5),
(45, 15),
(45, 19),
(46, 2),
(46, 5),
(46, 18),
(47, 3),
(47, 15),
(48, 3),
(48, 5),
(48, 15),
(49, 1),
(49, 2),
(49, 3),
(49, 9),
(50, 1),
(50, 2),
(50, 3),
(50, 9),
(51, 2),
(51, 3),
(51, 6),
(51, 16),
(52, 6),
(53, 1),
(53, 2),
(53, 6),
(53, 19),
(54, 1),
(54, 6),
(54, 9),
(54, 16),
(55, 1),
(55, 2),
(55, 4),
(55, 6),
(55, 16),
(56, 1),
(56, 2),
(56, 6),
(56, 19);

-- --------------------------------------------------------

--
-- テーブルの構造 `t_users`
--

CREATE TABLE `t_users` (
  `f_user_id` int(11) NOT NULL,
  `f_user_name` varchar(31) NOT NULL,
  `f_user_nick_name` varchar(31) NOT NULL,
  `f_user_gender` int(2) DEFAULT NULL,
  `f_user_age` int(11) DEFAULT NULL,
  `f_user_address` varchar(255) DEFAULT NULL,
  `f_user_job` varchar(255) DEFAULT NULL,
  `f_user_email` varchar(255) NOT NULL,
  `f_user_password` varchar(255) NOT NULL,
  `f_user_credit_number` varchar(17) DEFAULT NULL,
  `f_user_credit_name` varchar(255) DEFAULT NULL,
  `f_user_credit_expiry` int(6) UNSIGNED ZEROFILL DEFAULT NULL,
  `f_user_credit_code` varchar(255) DEFAULT NULL,
  `f_user_point` int(11) NOT NULL DEFAULT 0,
  `f_user_hight` decimal(4,1) DEFAULT NULL,
  `f_user_weight` decimal(4,1) DEFAULT NULL,
  `f_delete_flag` tinyint(1) NOT NULL DEFAULT 0
) ENGINE=InnoDB DEFAULT CHARSET=utf8mb4;

--
-- テーブルのデータのダンプ `t_users`
--

INSERT INTO `t_users` (`f_user_id`, `f_user_name`, `f_user_nick_name`, `f_user_gender`, `f_user_age`, `f_user_address`, `f_user_job`, `f_user_email`, `f_user_password`, `f_user_credit_number`, `f_user_credit_name`, `f_user_credit_expiry`, `f_user_credit_code`, `f_user_point`, `f_user_hight`, `f_user_weight`, `f_delete_flag`) VALUES
(1, 'sample user', 'sample nick name', NULL, NULL, NULL, NULL, 'sample@sample.com', '8151325dcdbae9e0ff95f9f9658432dbedfdb209', NULL, NULL, NULL, NULL, 0, NULL, NULL, 0),
(2, 'たちゆうま', 'たっちゃん', NULL, NULL, NULL, NULL, 'tachi.1006@gmail.com', '8554fe9ee0ed24d97cc3b500a33d4320c0fcd5a3', NULL, NULL, NULL, NULL, 0, NULL, NULL, 0);

-- --------------------------------------------------------

--
-- ビュー用の代替構造 `v_item_genre`
-- (実際のビューを参照するには下にあります)
--
CREATE TABLE `v_item_genre` (
`item_id` int(11)
,`item_name` varchar(25)
,`genre_id` int(11)
,`genre_name` varchar(31)
);

-- --------------------------------------------------------

--
-- ビュー用の構造 `v_item_genre`
--
DROP TABLE IF EXISTS `v_item_genre`;

CREATE ALGORITHM=UNDEFINED DEFINER=`root`@`localhost` SQL SECURITY DEFINER VIEW `v_item_genre`  AS SELECT `item`.`f_item_id` AS `item_id`, `item`.`f_item_name` AS `item_name`, `type`.`f_item_genre_id` AS `genre_id`, `genre`.`f_item_genre_name` AS `genre_name` FROM ((`t_items` `item` join `t_item_types` `type` on(`item`.`f_item_id` = `type`.`f_item_id`)) join `t_item_genre` `genre` on(`type`.`f_item_genre_id` = `genre`.`f_item_genre_id`)) ORDER BY `item`.`f_item_id` ASC, `type`.`f_item_genre_id` ASC  ;

--
-- ダンプしたテーブルのインデックス
--

--
-- テーブルのインデックス `t_buy_history`
--
ALTER TABLE `t_buy_history`
  ADD PRIMARY KEY (`f_buy_history_date`,`f_user_id`,`f_item_id`),
  ADD KEY `f_item_id` (`f_item_id`),
  ADD KEY `f_user_id` (`f_user_id`);

--
-- テーブルのインデックス `t_carts`
--
ALTER TABLE `t_carts`
  ADD PRIMARY KEY (`f_user_id`,`f_item_id`);

--
-- テーブルのインデックス `t_intakes`
--
ALTER TABLE `t_intakes`
  ADD PRIMARY KEY (`f_user_id`,`f_intake_date`);

--
-- テーブルのインデックス `t_items`
--
ALTER TABLE `t_items`
  ADD PRIMARY KEY (`f_item_id`);

--
-- テーブルのインデックス `t_items_template`
--
ALTER TABLE `t_items_template`
  ADD PRIMARY KEY (`f_item_id`);

--
-- テーブルのインデックス `t_item_allergens`
--
ALTER TABLE `t_item_allergens`
  ADD PRIMARY KEY (`f_item_id`);

--
-- テーブルのインデックス `t_item_genre`
--
ALTER TABLE `t_item_genre`
  ADD PRIMARY KEY (`f_item_genre_id`);

--
-- テーブルのインデックス `t_item_review`
--
ALTER TABLE `t_item_review`
  ADD PRIMARY KEY (`f_review_date`,`f_item_id`,`f_user_id`),
  ADD KEY `t_item_review_ibfk_1` (`f_item_id`),
  ADD KEY `t_item_review_ibfk_2` (`f_user_id`);

--
-- テーブルのインデックス `t_item_types`
--
ALTER TABLE `t_item_types`
  ADD PRIMARY KEY (`f_item_id`,`f_item_genre_id`),
  ADD KEY `t_item_types_ibfk_2` (`f_item_genre_id`);

--
-- テーブルのインデックス `t_users`
--
ALTER TABLE `t_users`
  ADD PRIMARY KEY (`f_user_id`);

--
-- ダンプしたテーブルの AUTO_INCREMENT
--

--
-- テーブルの AUTO_INCREMENT `t_items_template`
--
ALTER TABLE `t_items_template`
  MODIFY `f_item_id` int(11) NOT NULL AUTO_INCREMENT, AUTO_INCREMENT=1978;

--
-- テーブルの AUTO_INCREMENT `t_users`
--
ALTER TABLE `t_users`
  MODIFY `f_user_id` int(11) NOT NULL AUTO_INCREMENT, AUTO_INCREMENT=3;

--
-- ダンプしたテーブルの制約
--

--
-- テーブルの制約 `t_buy_history`
--
ALTER TABLE `t_buy_history`
  ADD CONSTRAINT `t_buy_history_ibfk_1` FOREIGN KEY (`f_item_id`) REFERENCES `t_items` (`f_item_id`),
  ADD CONSTRAINT `t_buy_history_ibfk_2` FOREIGN KEY (`f_user_id`) REFERENCES `t_users` (`f_user_id`);

--
-- テーブルの制約 `t_intakes`
--
ALTER TABLE `t_intakes`
  ADD CONSTRAINT `t_intakes_ibfk_1` FOREIGN KEY (`f_user_id`) REFERENCES `t_users` (`f_user_id`);

--
-- テーブルの制約 `t_item_review`
--
ALTER TABLE `t_item_review`
  ADD CONSTRAINT `t_item_review_ibfk_1` FOREIGN KEY (`f_item_id`) REFERENCES `t_items` (`f_item_id`),
  ADD CONSTRAINT `t_item_review_ibfk_2` FOREIGN KEY (`f_user_id`) REFERENCES `t_users` (`f_user_id`);

--
-- テーブルの制約 `t_item_types`
--
ALTER TABLE `t_item_types`
  ADD CONSTRAINT `t_item_types_ibfk_1` FOREIGN KEY (`f_item_id`) REFERENCES `t_items` (`f_item_id`),
  ADD CONSTRAINT `t_item_types_ibfk_2` FOREIGN KEY (`f_item_genre_id`) REFERENCES `t_item_genre` (`f_item_genre_id`);
COMMIT;

/*!40101 SET CHARACTER_SET_CLIENT=@OLD_CHARACTER_SET_CLIENT */;
/*!40101 SET CHARACTER_SET_RESULTS=@OLD_CHARACTER_SET_RESULTS */;
/*!40101 SET COLLATION_CONNECTION=@OLD_COLLATION_CONNECTION */;
